ID,Warehouse_block,Mode_of_Shipment,Customer_care_calls,Customer_rating,Cost_of_the_Product,Prior_purchases,Product_importance,Gender,Discount_offered,Weight_in_gms
9000,F,Ship,5,1,189,2,medium,M,10,10
9001,D,Ship,5,3,150,2,high,F,9,9
9002,F,Ship,3,3,200,3,low,M,3,3
9003,A,Ship,5,1,133,2,medium,M,1,1
9004,B,Ship,4,2,260,3,low,M,4,4
9005,C,Ship,4,2,195,2,medium,M,10,10
9006,F,Ship,4,3,245,4,medium,M,4,4
9007,D,Ship,6,3,166,4,low,M,10,10
9008,F,Ship,3,5,245,4,low,M,8,8
9009,A,Ship,6,2,130,5,low,M,3,3
9010,B,Ship,3,5,204,4,low,M,6,6
9011,C,Ship,4,2,210,3,low,M,8,8
9012,F,Ship,3,5,264,4,medium,F,8,8
9013,D,Ship,5,2,141,2,medium,F,1,1
9014,F,Ship,3,5,162,3,medium,F,1,1
9015,A,Ship,4,5,137,2,low,M,6,6
9016,B,Road,4,3,141,2,low,F,8,8
9017,C,Road,6,3,127,3,medium,F,7,7
9018,F,Road,2,2,270,4,low,M,6,6
9019,D,Road,3,4,185,4,medium,F,6,6
9020,F,Road,4,1,241,3,low,M,6,6
9021,A,Road,3,2,124,5,medium,M,10,10
9022,B,Road,3,4,228,4,medium,M,6,6
9023,C,Road,5,4,140,3,medium,M,4,4
9024,F,Road,6,3,192,4,low,M,9,9
9025,D,Road,4,2,253,5,low,F,3,3
9026,F,Road,3,4,287,5,medium,F,9,9
9027,A,Road,3,4,162,5,low,F,1,1
9028,B,Road,3,4,156,3,low,M,4,4
9029,C,Road,4,3,187,4,low,M,4,4
9030,F,Road,6,3,171,3,low,F,1,1
9031,D,Road,6,2,240,6,low,M,3,3
9032,F,Road,3,3,250,4,medium,M,1,1
9033,A,Road,4,5,180,4,high,F,10,10
9034,B,Road,3,1,242,4,low,M,10,10
9035,C,Road,3,1,162,4,medium,F,4,4
9036,F,Road,5,5,210,3,medium,M,8,8
9037,D,Road,4,1,189,2,medium,M,4,4
9038,F,Flight,4,5,187,2,low,M,6,6
9039,A,Flight,4,1,179,2,medium,F,7,7
9040,B,Flight,2,1,199,2,low,F,10,10
9041,C,Flight,5,1,158,4,medium,F,4,4
9042,F,Flight,3,4,181,3,low,M,10,10
9043,D,Flight,3,5,238,2,low,F,8,8
9044,F,Flight,5,5,225,4,high,F,3,3
9045,A,Flight,5,1,172,2,medium,F,3,3
9046,B,Flight,4,2,199,3,low,M,4,4
9047,C,Flight,4,4,248,3,high,F,10,10
9048,F,Flight,3,2,226,3,low,F,5,5
9049,D,Flight,4,1,177,3,medium,F,6,6
9050,F,Flight,3,4,238,2,low,M,5,5
9051,A,Flight,4,5,161,3,low,F,5,5
9052,B,Flight,2,1,271,3,low,M,1,1
9053,C,Flight,5,2,254,3,medium,F,8,8
9054,F,Flight,4,2,238,2,low,M,1,1
9055,D,Flight,5,5,169,3,medium,M,2,2
9056,F,Flight,3,3,168,2,high,M,10,10
9057,A,Flight,2,5,243,3,high,M,7,7
9058,B,Flight,4,5,195,3,medium,M,7,7
9059,C,Flight,3,2,227,3,high,M,5,5
9060,F,Ship,3,2,199,3,medium,F,10,10
9061,D,Ship,3,2,160,3,low,F,7,7
9062,F,Ship,2,2,160,6,medium,F,9,9
9063,A,Ship,4,4,251,4,low,F,10,10
9064,B,Ship,6,2,225,4,low,M,6,6
9065,C,Ship,4,3,260,4,low,F,5,5
9066,F,Ship,4,2,263,3,medium,M,4,4
9067,D,Ship,5,5,196,3,medium,M,7,7
9068,F,Ship,4,2,184,2,medium,F,10,10
9069,A,Ship,5,5,231,2,medium,F,6,6
9070,B,Ship,3,1,153,2,low,M,7,7
9071,C,Ship,3,1,173,2,low,F,7,7
9072,F,Ship,3,1,159,3,low,F,3,3
9073,D,Ship,5,4,137,2,low,M,7,7
9074,F,Ship,3,1,249,2,medium,M,9,9
9075,A,Ship,3,5,247,3,medium,M,10,10
9076,B,Ship,3,2,205,3,high,M,3,3
9077,C,Ship,3,2,209,3,medium,M,5,5
9078,F,Ship,3,2,247,2,high,M,1,1
9079,D,Ship,4,3,225,2,medium,F,2,2
9080,F,Ship,3,5,150,10,low,M,2,2
9081,A,Ship,5,2,210,7,medium,F,4,4
9082,B,Ship,3,2,247,2,low,F,2,2
9083,C,Ship,5,5,167,3,medium,M,9,9
9084,F,Ship,4,5,233,3,medium,F,7,7
9085,D,Ship,2,5,204,10,low,F,1,1
9086,F,Ship,5,5,140,8,medium,M,2,2
9087,A,Ship,6,3,218,6,high,M,8,8
9088,B,Ship,3,3,250,3,low,M,9,9
9089,C,Ship,3,4,225,4,low,M,10,10
9090,F,Ship,7,1,308,4,medium,F,2,2
9091,D,Ship,6,5,256,4,low,F,2,2
9092,F,Ship,4,3,251,5,medium,M,2,2
9093,A,Ship,5,3,270,5,medium,F,8,8
9094,B,Ship,6,5,289,4,low,M,5,5
9095,C,Ship,6,3,253,4,medium,F,9,9
9096,F,Ship,7,2,305,4,medium,M,7,7
9097,D,Ship,3,3,219,6,low,M,10,10
9098,F,Ship,4,2,231,5,medium,M,8,8
9099,A,Ship,6,5,298,4,medium,F,5,5
9100,B,Ship,6,5,282,4,low,M,5,5
9101,C,Ship,5,1,240,5,low,M,2,2
9102,F,Ship,5,3,223,5,medium,M,4,4
9103,D,Ship,4,4,226,5,low,M,1,1
9104,F,Ship,5,3,253,5,low,M,6,6
9105,A,Ship,6,4,249,4,low,M,10,10
9106,B,Ship,6,5,294,4,medium,M,10,10
9107,C,Ship,4,4,263,3,medium,F,8,8
9108,F,Ship,5,2,196,3,medium,M,4,4
9109,D,Ship,4,5,184,2,medium,F,2,2
9110,F,Ship,5,4,231,2,medium,F,7,7
9111,A,Ship,3,1,153,2,low,M,6,6
9112,B,Ship,3,2,173,2,low,F,8,8
9113,C,Ship,3,1,159,3,low,M,10,10
9114,F,Ship,5,4,137,2,low,F,2,2
9115,D,Ship,3,1,249,2,medium,F,1,1
9116,F,Ship,3,4,247,3,medium,M,9,9
9117,A,Ship,3,3,205,3,high,M,1,1
9118,B,Ship,3,3,209,3,medium,F,5,5
9119,C,Ship,3,3,247,2,high,F,8,8
9120,F,Ship,4,1,225,2,medium,M,5,5
9121,D,Ship,3,2,150,10,low,F,6,6
9122,F,Ship,5,3,210,7,medium,F,4,4
9123,A,Ship,3,1,247,2,low,M,7,7
9124,B,Ship,5,5,167,3,medium,M,1,1
9125,C,Ship,4,5,233,3,medium,F,2,2
9126,F,Ship,2,4,204,10,low,F,4,4
9127,D,Ship,5,1,140,8,medium,M,7,7
9128,F,Ship,6,3,218,6,high,F,5,5
9129,A,Ship,3,1,250,3,low,F,7,7
9130,B,Ship,3,1,225,4,low,F,10,10
9131,C,Ship,7,5,308,4,medium,M,6,6
9132,F,Ship,6,3,256,4,low,F,9,9
9133,D,Ship,4,5,251,5,medium,F,7,7
9134,F,Ship,5,1,270,5,medium,M,10,10
9135,A,Ship,6,1,289,4,low,M,3,3
9136,B,Ship,6,5,253,4,medium,M,8,8
9137,C,Ship,7,3,305,4,medium,F,6,6
9138,F,Ship,3,5,219,6,low,M,1,1
9139,D,Ship,4,1,231,5,medium,M,6,6
9140,F,Ship,6,5,298,4,medium,F,8,8
9141,A,Ship,6,1,282,4,low,M,7,7
9142,B,Ship,5,3,240,5,low,M,6,6
9143,C,Ship,5,5,223,5,medium,M,8,8
9144,F,Ship,5,2,140,5,medium,M,2,2
9145,D,Ship,5,3,268,5,medium,M,5,5
9146,F,Ship,6,3,279,4,low,M,7,7
9147,A,Ship,4,3,225,5,medium,F,6,6
9148,B,Ship,6,3,296,4,medium,M,7,7
9149,C,Ship,5,5,162,4,low,M,8,8
9150,F,Ship,6,5,255,4,low,F,2,2
9151,D,Ship,7,5,255,4,low,F,9,9
9152,F,Ship,6,2,286,4,medium,M,6,6
9153,A,Road,7,2,267,4,medium,M,8,8
9154,B,Road,5,1,226,6,low,M,5,5
9155,C,Road,6,5,285,4,medium,F,5,5
9156,F,Road,6,3,276,4,low,F,5,5
9157,D,Road,6,2,257,4,low,F,5,5
9158,F,Road,6,4,287,4,medium,F,10,10
9159,A,Road,6,1,283,5,low,F,10,10
9160,B,Road,6,3,309,4,medium,M,2,2
9161,C,Road,4,3,274,5,low,F,3,3
9162,F,Road,7,4,244,4,medium,F,4,4
9163,D,Road,5,3,222,6,low,M,9,9
9164,F,Road,6,1,264,4,low,M,5,5
9165,A,Road,4,2,232,5,medium,M,3,3
9166,B,Road,5,2,227,6,medium,F,6,6
9167,C,Road,6,4,294,3,medium,M,7,7
9168,F,Road,6,4,260,4,low,F,1,1
9169,D,Road,4,3,260,5,low,F,8,8
9170,F,Road,6,1,277,5,low,F,2,2
9171,A,Road,5,3,257,5,low,F,7,7
9172,B,Road,5,5,271,6,low,M,6,6
9173,C,Road,6,1,308,4,low,F,7,7
9174,F,Road,7,2,281,4,medium,F,2,2
9175,D,Flight,5,4,307,5,low,M,8,8
9176,F,Flight,5,3,224,5,medium,M,9,9
9177,A,Flight,5,5,233,6,medium,F,4,4
9178,B,Flight,3,4,179,2,medium,M,5,5
9179,C,Flight,4,3,267,5,medium,F,9,9
9180,F,Flight,5,3,218,6,low,F,6,6
9181,D,Flight,7,3,302,4,medium,F,7,7
9182,F,Flight,7,3,247,4,medium,M,5,5
9183,A,Flight,6,3,266,4,medium,F,8,8
9184,B,Flight,5,1,247,5,low,M,10,10
9185,C,Flight,4,3,219,5,low,F,8,8
9186,F,Flight,7,1,287,4,medium,M,9,9
9187,D,Flight,6,3,297,5,low,F,5,5
9188,F,Flight,5,5,273,5,medium,M,4,4
9189,A,Flight,5,5,219,5,low,M,6,6
9190,B,Flight,5,1,232,5,medium,F,7,7
9191,C,Flight,4,4,264,5,low,M,3,3
9192,F,Flight,6,3,266,4,low,F,9,9
9193,D,Flight,7,1,280,5,low,M,10,10
9194,F,Flight,7,4,264,4,medium,M,6,6
9195,A,Flight,4,2,258,5,low,F,8,8
9196,B,Flight,5,1,236,5,low,M,8,8
9197,C,Ship,5,5,262,5,low,M,2,2
9198,F,Ship,5,3,255,6,medium,F,1,1
9199,D,Ship,4,4,267,4,low,F,8,8
9200,F,Ship,4,1,240,4,low,M,10,10
9201,A,Ship,4,2,215,2,high,F,10,10
9202,B,Ship,5,5,252,5,low,M,9,9
9203,C,Ship,4,5,136,2,medium,M,4,4
9204,F,Ship,3,4,225,4,medium,F,9,9
9205,D,Ship,3,3,187,6,low,F,2,2
9206,F,Ship,4,4,144,3,low,M,6,6
9207,A,Ship,3,2,226,2,low,M,10,10
9208,B,Ship,5,2,229,3,low,F,3,3
9209,C,Ship,3,3,255,3,low,M,4,4
9210,F,Ship,5,3,227,5,medium,F,9,9
9211,D,Ship,5,1,248,3,medium,M,6,6
9212,F,Ship,3,2,151,2,low,F,3,3
9213,A,Ship,4,5,188,3,medium,M,8,8
9214,B,Ship,4,2,160,2,medium,M,3,3
9215,C,Ship,4,2,156,3,low,F,1,1
9216,F,Ship,3,4,162,3,medium,M,7,7
9217,D,Ship,4,4,270,3,low,F,4,4
9218,F,Ship,4,5,200,4,medium,F,2,2
9219,A,Ship,3,3,224,4,medium,M,10,10
9220,B,Ship,4,4,146,4,medium,M,7,7
9221,C,Ship,5,3,156,3,low,F,6,6
9222,F,Ship,4,3,235,3,medium,F,4,4
9223,D,Ship,4,1,231,3,medium,M,5,5
9224,F,Ship,4,5,141,2,low,F,10,10
9225,A,Ship,3,1,178,4,medium,M,9,9
9226,B,Ship,5,4,244,6,high,F,3,3
9227,C,Ship,4,2,247,2,medium,M,7,7
9228,F,Ship,3,1,132,3,medium,F,5,5
9229,D,Ship,4,5,190,3,medium,M,6,6
9230,F,Ship,3,2,113,5,medium,M,1,1
9231,A,Ship,5,5,253,2,high,F,3,3
9232,B,Ship,4,3,235,3,medium,F,4,4
9233,C,Ship,3,3,264,2,low,M,6,6
9234,F,Ship,3,5,286,6,medium,M,3,3
9235,D,Ship,4,3,141,3,medium,F,3,3
9236,F,Ship,4,2,243,3,low,M,3,3
9237,A,Ship,5,4,209,4,low,F,10,10
9238,B,Ship,4,4,246,2,medium,F,2,2
9239,C,Ship,4,3,257,3,medium,M,1,1
9240,F,Ship,4,2,217,2,medium,F,8,8
9241,D,Ship,4,4,246,3,low,M,9,9
9242,F,Ship,4,4,166,6,low,F,6,6
9243,A,Ship,3,3,183,2,low,F,3,3
9244,B,Ship,4,5,136,2,medium,M,4,4
9245,C,Ship,4,1,224,2,low,M,10,10
9246,F,Ship,4,3,174,3,medium,M,2,2
9247,D,Ship,4,5,209,3,medium,F,4,4
9248,F,Ship,4,3,256,2,medium,F,3,3
9249,A,Ship,4,2,231,4,medium,M,9,9
9250,B,Ship,2,1,228,2,low,F,2,2
9251,C,Ship,4,2,198,3,medium,M,10,10
9252,F,Ship,5,5,223,3,medium,F,3,3
9253,D,Ship,3,4,257,4,medium,F,8,8
9254,F,Ship,4,4,265,3,low,M,10,10
9255,A,Ship,3,3,258,3,medium,F,7,7
9256,B,Ship,3,2,272,3,low,M,7,7
9257,C,Ship,5,3,273,4,medium,M,1,1
9258,F,Ship,3,5,287,5,high,M,1,1
9259,D,Ship,5,1,176,4,low,F,1,1
9260,F,Ship,5,4,136,3,medium,M,4,4
9261,A,Ship,3,5,204,2,low,F,1,1
9262,B,Ship,4,3,213,3,medium,M,2,2
9263,C,Ship,3,3,160,3,low,M,1,1
9264,F,Ship,3,5,148,2,medium,F,9,9
9265,D,Ship,4,3,255,4,medium,F,10,10
9266,F,Ship,3,3,212,3,medium,M,10,10
9267,A,Ship,3,3,217,3,medium,M,10,10
9268,B,Ship,4,2,145,3,medium,F,7,7
9269,C,Ship,3,1,170,3,high,F,6,6
9270,F,Ship,3,2,244,3,high,F,5,5
9271,D,Ship,3,1,151,4,medium,M,2,2
9272,F,Ship,4,1,202,3,low,M,10,10
9273,A,Ship,4,1,195,3,medium,M,2,2
9274,B,Ship,3,3,150,3,medium,M,9,9
9275,C,Ship,4,3,225,2,medium,F,10,10
9276,F,Ship,4,5,142,4,medium,F,6,6
9277,D,Ship,3,3,262,4,low,M,5,5
9278,F,Ship,3,1,251,6,medium,M,10,10
9279,A,Ship,5,5,221,2,medium,M,10,10
9280,B,Ship,3,2,202,2,medium,F,7,7
9281,C,Ship,4,3,216,4,medium,M,3,3
9282,F,Ship,4,2,239,3,low,F,4,4
9283,D,Ship,2,3,192,3,low,M,4,4
9284,F,Ship,3,4,185,2,medium,M,5,5
9285,A,Ship,5,4,235,3,low,M,3,3
9286,B,Ship,3,2,253,2,low,M,8,8
9287,C,Ship,3,4,180,3,low,M,2,2
9288,F,Ship,3,5,150,2,medium,M,10,10
9289,D,Ship,4,2,168,6,medium,F,9,9
9290,F,Road,5,4,274,3,medium,F,1,1
9291,A,Road,3,2,179,3,medium,M,9,9
9292,B,Road,6,1,237,5,medium,M,3,3
9293,C,Road,3,4,160,3,low,M,10,10
9294,F,Road,4,1,225,2,low,M,4,4
9295,D,Road,4,2,217,2,low,M,4,4
9296,F,Road,3,5,263,3,medium,M,1,1
9297,A,Road,4,4,128,6,medium,F,3,3
9298,B,Road,3,3,167,3,low,F,8,8
9299,C,Road,3,2,221,2,low,F,10,10
9300,F,Road,3,3,173,2,low,M,5,5
9301,D,Road,4,2,149,6,low,F,6,6
9302,F,Road,3,5,234,2,medium,F,8,8
9303,A,Road,3,3,237,3,medium,M,6,6
9304,B,Road,2,4,269,4,low,M,2,2
9305,C,Road,3,5,182,3,high,M,5,5
9306,F,Road,6,3,199,4,medium,F,1,1
9307,D,Road,4,1,264,4,low,F,6,6
9308,F,Road,6,5,167,3,low,F,2,2
9309,A,Road,4,4,155,3,medium,F,6,6
9310,B,Road,5,1,274,2,high,F,8,8
9311,C,Road,4,1,213,5,low,M,10,10
9312,F,Flight,3,2,204,2,high,M,8,8
9313,D,Flight,5,2,259,2,medium,M,7,7
9314,F,Flight,3,1,174,3,medium,F,2,2
9315,A,Flight,3,1,230,2,low,F,4,4
9316,B,Flight,5,4,260,4,low,M,4,4
9317,C,Flight,4,5,176,2,low,F,1,1
9318,F,Flight,5,2,217,2,medium,F,6,6
9319,D,Flight,4,2,219,3,low,F,9,9
9320,F,Flight,4,1,189,3,medium,M,5,5
9321,A,Flight,4,1,252,4,low,F,7,7
9322,B,Flight,3,2,189,3,medium,F,2,2
9323,C,Flight,5,2,159,3,low,M,5,5
9324,F,Flight,4,2,262,3,low,M,6,6
9325,D,Flight,6,1,191,5,low,M,8,8
9326,F,Flight,4,1,271,4,medium,F,2,2
9327,A,Flight,4,5,196,5,low,F,2,2
9328,B,Flight,4,3,261,6,low,F,6,6
9329,C,Flight,4,5,233,6,medium,M,1,1
9330,F,Flight,5,4,235,4,low,M,5,5
9331,D,Flight,3,2,154,3,low,F,8,8
9332,F,Flight,4,5,167,4,low,M,3,3
9333,A,Flight,6,4,144,4,low,F,5,5
9334,B,Ship,5,3,194,4,low,M,9,9
9335,C,Ship,5,4,242,4,medium,F,5,5
9336,F,Ship,3,3,144,3,medium,M,8,8
9337,D,Ship,5,4,157,7,medium,F,9,9
9338,F,Ship,4,3,184,7,medium,M,5,5
9339,A,Ship,5,1,151,3,medium,M,2,2
9340,B,Ship,4,1,175,3,medium,M,2,2
9341,C,Ship,3,2,177,3,low,F,5,5
9342,F,Ship,6,1,141,3,low,F,2,2
9343,D,Ship,4,2,210,3,low,M,5,5
9344,F,Ship,2,4,224,2,low,M,8,8
9345,A,Ship,4,1,253,3,medium,F,9,9
9346,B,Ship,4,1,157,2,medium,F,7,7
9347,C,Ship,3,2,172,3,medium,F,8,8
9348,F,Ship,3,5,193,10,high,M,6,6
9349,D,Ship,6,2,255,4,low,M,9,9
9350,F,Ship,7,5,255,4,low,F,2,2
9351,A,Ship,6,4,286,4,medium,F,1,1
9352,B,Ship,7,1,267,4,medium,M,9,9
9353,C,Ship,5,4,226,6,low,F,3,3
9354,F,Ship,6,3,285,4,medium,F,1,1
9355,D,Ship,6,4,276,4,low,M,4,4
9356,F,Ship,6,4,257,4,low,F,4,4
9357,A,Ship,6,4,287,4,medium,M,7,7
9358,B,Ship,6,1,283,5,low,F,9,9
9359,C,Ship,6,1,309,4,medium,F,10,10
9360,F,Ship,4,5,274,5,low,M,7,7
9361,D,Ship,7,2,244,4,medium,F,8,8
9362,F,Ship,5,4,222,6,low,F,9,9
9363,A,Ship,6,1,264,4,low,M,9,9
9364,B,Ship,4,1,232,5,medium,F,7,7
9365,C,Ship,5,1,217,2,medium,F,10,10
9366,F,Ship,4,5,219,3,low,F,1,1
9367,D,Ship,4,3,189,3,medium,F,4,4
9368,F,Ship,4,2,252,4,low,M,1,1
9369,A,Ship,3,3,189,3,medium,F,1,1
9370,B,Ship,5,3,159,3,low,M,7,7
9371,C,Ship,4,3,262,3,low,F,3,3
9372,F,Ship,6,2,191,5,low,M,1,1
9373,D,Ship,4,5,271,4,medium,M,9,9
9374,F,Ship,4,2,196,5,low,M,5,5
9375,A,Ship,4,1,261,6,low,F,6,6
9376,B,Ship,4,1,233,6,medium,F,2,2
9377,C,Ship,5,4,235,4,low,M,10,10
9378,F,Ship,3,1,154,3,low,M,5,5
9379,D,Ship,4,4,167,4,low,M,2,2
9380,F,Ship,6,1,144,4,low,F,5,5
9381,A,Ship,5,2,194,4,low,M,8,8
9382,B,Ship,5,3,242,4,medium,F,8,8
9383,C,Ship,3,5,144,3,medium,F,9,9
9384,F,Ship,5,4,157,7,medium,M,3,3
9385,D,Ship,4,1,184,7,medium,F,6,6
9386,F,Ship,5,1,151,3,medium,F,9,9
9387,A,Ship,4,4,175,3,medium,M,2,2
9388,B,Ship,3,2,177,3,low,F,9,9
9389,C,Ship,6,3,141,3,low,M,7,7
9390,F,Ship,4,2,210,3,low,F,9,9
9391,D,Ship,2,3,224,2,low,F,5,5
9392,F,Ship,4,4,253,3,medium,F,4,4
9393,A,Ship,4,5,157,2,medium,F,1,1
9394,B,Ship,3,1,172,3,medium,M,5,5
9395,C,Ship,3,1,193,10,high,F,1,1
9396,F,Ship,6,3,255,4,low,M,6,6
9397,D,Ship,7,5,255,4,low,M,7,7
9398,F,Ship,6,4,286,4,medium,F,1,1
9399,A,Ship,7,3,267,4,medium,F,10,10
9400,B,Ship,5,4,226,6,low,M,1,1
9401,C,Ship,6,4,285,4,medium,M,4,4
9402,F,Ship,6,3,276,4,low,F,8,8
9403,D,Ship,6,3,257,4,low,F,2,2
9404,F,Ship,6,1,287,4,medium,M,5,5
9405,A,Ship,6,1,283,5,low,F,5,5
9406,B,Ship,6,2,309,4,medium,F,8,8
9407,C,Ship,4,1,274,5,low,F,5,5
9408,F,Ship,7,3,244,4,medium,M,10,10
9409,D,Ship,5,5,222,6,low,M,1,1
9410,F,Ship,7,1,264,4,medium,F,5,5
9411,A,Ship,4,4,258,5,low,M,7,7
9412,B,Ship,5,5,236,5,low,F,7,7
9413,C,Ship,6,3,304,4,low,F,9,9
9414,F,Ship,6,3,244,5,medium,F,5,5
9415,D,Ship,7,1,301,4,low,M,10,10
9416,F,Ship,4,4,275,5,medium,M,5,5
9417,A,Ship,5,4,236,5,low,M,6,6
9418,B,Ship,6,3,286,4,medium,M,4,4
9419,C,Ship,5,4,238,6,low,M,6,6
9420,F,Ship,7,3,300,4,medium,F,5,5
9421,D,Ship,6,2,292,4,medium,M,2,2
9422,F,Ship,5,2,172,2,low,M,9,9
9423,A,Ship,2,1,181,5,medium,M,3,3
9424,B,Ship,7,5,289,4,low,M,9,9
9425,C,Ship,7,5,256,4,medium,M,4,4
9426,F,Ship,4,5,251,5,medium,M,10,10
9427,D,Road,6,5,245,4,low,M,3,3
9428,F,Road,5,2,266,5,medium,M,8,8
9429,A,Road,4,1,220,5,low,F,9,9
9430,B,Road,4,2,274,5,low,F,8,8
9431,C,Road,7,5,301,4,low,M,9,9
9432,F,Road,6,5,285,4,low,M,8,8
9433,D,Road,6,3,271,4,low,F,2,2
9434,F,Road,4,3,241,5,low,F,2,2
9435,A,Road,3,1,146,5,low,M,10,10
9436,B,Road,6,4,256,4,medium,F,9,9
9437,C,Road,6,2,235,5,low,F,5,5
9438,F,Road,5,5,275,3,low,F,9,9
9439,D,Road,6,4,205,4,low,F,10,10
9440,F,Road,5,4,244,5,medium,F,1,1
9441,A,Road,5,2,269,6,medium,F,5,5
9442,B,Road,4,1,238,5,medium,F,3,3
9443,C,Road,5,4,217,5,low,F,8,8
9444,F,Road,5,2,258,5,low,M,3,3
9445,D,Road,7,1,269,5,medium,F,5,5
9446,F,Road,4,2,259,5,low,M,6,6
9447,A,Road,6,5,260,4,low,F,8,8
9448,B,Road,5,5,227,5,medium,F,2,2
9449,C,Flight,4,2,223,6,low,F,10,10
9450,F,Flight,5,2,221,5,medium,M,10,10
9451,D,Flight,7,4,296,4,low,F,10,10
9452,F,Flight,5,3,228,5,high,M,9,9
9453,A,Flight,4,4,275,5,medium,M,7,7
9454,B,Flight,5,3,230,5,medium,M,4,4
9455,C,Flight,5,1,241,5,medium,M,3,3
9456,F,Flight,4,2,270,5,low,F,5,5
9457,D,Flight,6,4,264,5,medium,F,7,7
9458,F,Flight,4,4,260,5,low,F,5,5
9459,A,Flight,5,1,271,5,low,M,4,4
9460,B,Flight,5,5,286,4,high,F,10,10
9461,C,Flight,6,1,279,4,low,F,4,4
9462,F,Flight,6,3,271,4,low,F,6,6
9463,D,Flight,3,5,206,4,low,M,6,6
9464,F,Flight,5,2,205,3,medium,F,1,1
9465,A,Flight,5,2,233,3,medium,F,10,10
9466,B,Flight,5,1,207,3,low,F,1,1
9467,C,Flight,4,1,174,4,low,M,3,3
9468,F,Flight,3,4,191,3,medium,F,10,10
9469,D,Flight,4,4,156,2,medium,F,7,7
9470,F,Flight,4,4,137,3,medium,F,8,8
9471,A,Ship,3,3,251,3,low,M,8,8
9472,B,Ship,5,3,194,3,low,M,7,7
9473,C,Ship,4,1,141,3,low,F,6,6
9474,F,Ship,5,1,137,3,medium,F,10,10
9475,D,Ship,3,1,221,3,medium,M,10,10
9476,F,Ship,3,1,270,2,medium,M,6,6
9477,A,Ship,3,3,133,3,low,F,2,2
9478,B,Ship,4,4,181,3,medium,F,9,9
9479,C,Ship,6,4,147,3,low,M,4,4
9480,F,Ship,4,3,250,2,high,F,10,10
9481,D,Ship,3,5,184,2,high,M,3,3
9482,F,Ship,5,1,234,3,low,F,4,4
9483,A,Ship,3,3,126,6,low,M,8,8
9484,B,Ship,3,2,241,3,medium,F,9,9
9485,C,Ship,3,5,218,2,medium,F,6,6
9486,F,Ship,3,5,98,3,medium,F,3,3
9487,D,Ship,3,5,211,2,medium,F,9,9
9488,F,Ship,4,2,216,3,low,M,2,2
9489,A,Ship,3,3,203,3,medium,F,4,4
9490,B,Ship,3,4,266,3,medium,M,9,9
9491,C,Ship,4,1,155,3,medium,M,9,9
9492,F,Ship,3,5,156,2,medium,F,8,8
9493,D,Ship,5,2,169,5,medium,F,2,2
9494,F,Ship,4,5,241,4,medium,F,10,10
9495,A,Ship,4,5,199,4,medium,M,1,1
9496,B,Ship,4,3,184,3,low,F,9,9
9497,C,Ship,3,3,221,3,low,F,5,5
9498,F,Ship,4,3,258,3,medium,F,7,7
9499,D,Ship,5,4,193,3,medium,M,3,3
9500,F,Ship,2,2,156,4,high,M,9,9
9501,A,Ship,4,2,201,3,medium,F,4,4
9502,B,Ship,4,2,171,3,medium,M,4,4
9503,C,Ship,3,4,193,6,low,M,2,2
9504,F,Ship,5,2,254,2,medium,M,4,4
9505,D,Ship,4,4,251,3,medium,F,9,9
9506,F,Ship,5,3,171,3,low,F,7,7
9507,A,Ship,4,1,243,3,medium,M,10,10
9508,B,Ship,3,4,253,3,medium,M,4,4
9509,C,Ship,3,5,137,3,low,M,3,3
9510,F,Ship,5,2,149,2,low,F,6,6
9511,D,Ship,4,1,183,3,low,M,3,3
9512,F,Ship,4,5,171,3,low,F,10,10
9513,A,Ship,4,5,102,5,low,F,3,3
9514,B,Ship,3,3,249,4,low,M,7,7
9515,C,Ship,3,4,255,3,medium,F,10,10
9516,F,Ship,3,1,150,2,low,F,6,6
9517,D,Ship,4,4,169,4,medium,F,8,8
9518,F,Ship,4,1,208,3,medium,F,8,8
9519,A,Ship,3,3,154,4,high,F,2,2
9520,B,Ship,2,2,101,5,medium,F,6,6
9521,C,Ship,5,1,203,3,low,M,10,10
9522,F,Ship,5,3,234,6,medium,F,8,8
9523,D,Ship,3,1,133,4,medium,F,6,6
9524,F,Ship,3,3,222,4,low,F,6,6
9525,A,Ship,3,5,258,3,low,F,5,5
9526,B,Ship,3,5,251,3,low,M,1,1
9527,C,Ship,4,2,241,6,medium,M,5,5
9528,F,Ship,4,1,164,4,medium,M,3,3
9529,D,Ship,5,4,273,2,low,F,1,1
9530,F,Ship,3,1,266,3,low,M,6,6
9531,A,Ship,4,2,144,5,low,F,3,3
9532,B,Ship,2,1,208,2,low,M,10,10
9533,C,Ship,2,4,178,4,medium,F,8,8
9534,F,Ship,3,3,246,4,low,F,3,3
9535,D,Ship,3,1,131,6,medium,M,8,8
9536,F,Ship,2,2,156,3,low,F,5,5
9537,A,Ship,3,2,222,4,medium,M,10,10
9538,B,Ship,3,3,275,3,medium,M,7,7
9539,C,Ship,3,2,212,3,medium,M,10,10
9540,F,Ship,5,4,275,2,medium,M,7,7
9541,D,Ship,5,1,189,2,medium,M,8,8
9542,F,Ship,3,4,171,3,low,M,10,10
9543,A,Ship,3,1,242,5,low,F,3,3
9544,B,Ship,3,5,247,3,medium,F,7,7
9545,C,Ship,3,3,149,2,low,M,8,8
9546,F,Ship,3,3,190,3,low,F,9,9
9547,D,Ship,3,2,189,2,low,M,6,6
9548,F,Ship,3,2,153,4,high,M,7,7
9549,A,Ship,4,1,173,2,low,M,5,5
9550,B,Ship,5,3,117,4,low,F,3,3
9551,C,Ship,6,5,204,3,medium,M,7,7
9552,F,Ship,3,1,274,4,low,M,3,3
9553,D,Ship,6,1,276,2,low,M,10,10
9554,F,Ship,3,1,189,4,low,F,4,4
9555,A,Ship,3,2,204,2,low,F,2,2
9556,B,Ship,3,3,229,3,medium,F,8,8
9557,C,Ship,3,1,257,2,medium,F,2,2
9558,F,Ship,4,5,184,3,low,M,5,5
9559,D,Ship,3,5,157,4,medium,F,2,2
9560,F,Ship,4,3,173,3,medium,M,5,5
9561,A,Ship,3,2,236,2,medium,M,2,2
9562,B,Ship,4,1,234,3,low,M,2,2
9563,C,Ship,4,4,237,3,medium,M,2,2
9564,F,Road,4,5,191,2,low,M,10,10
9565,D,Road,4,4,222,3,medium,M,2,2
9566,F,Road,4,4,153,2,low,F,8,8
9567,A,Road,4,1,224,2,medium,M,2,2
9568,B,Road,5,4,201,2,low,M,5,5
9569,C,Road,4,2,169,3,low,M,10,10
9570,F,Road,3,2,133,5,medium,M,9,9
9571,D,Road,4,4,146,2,medium,F,5,5
9572,F,Road,4,1,230,3,low,M,8,8
9573,A,Road,3,1,195,5,low,F,4,4
9574,B,Road,4,4,204,3,low,F,9,9
9575,C,Road,6,2,191,6,medium,M,7,7
9576,F,Road,5,5,199,3,high,M,6,6
9577,D,Road,3,4,192,4,medium,M,3,3
9578,F,Road,3,1,187,2,low,F,10,10
9579,A,Road,3,1,236,3,medium,F,8,8
9580,B,Road,4,5,176,3,high,F,1,1
9581,C,Road,6,2,239,4,medium,F,7,7
9582,F,Road,4,4,280,3,medium,M,5,5
9583,D,Road,5,5,184,2,medium,M,9,9
9584,F,Road,3,2,145,2,low,M,3,3
9585,A,Road,6,5,248,3,low,F,3,3
9586,B,Flight,2,4,184,5,medium,M,9,9
9587,C,Flight,4,5,265,2,low,M,9,9
9588,F,Flight,5,1,170,4,medium,M,4,4
9589,D,Flight,2,1,181,4,low,F,2,2
9590,F,Flight,3,4,166,4,low,F,1,1
9591,A,Flight,4,4,137,4,medium,F,5,5
9592,B,Flight,4,1,173,5,low,F,5,5
9593,C,Flight,4,3,249,4,medium,M,10,10
9594,F,Flight,5,4,205,3,low,F,3,3
9595,D,Flight,4,5,251,5,high,M,8,8
9596,F,Flight,4,5,249,3,low,F,7,7
9597,A,Flight,4,3,177,3,low,F,7,7
9598,B,Flight,3,5,268,3,low,M,7,7
9599,C,Flight,6,1,215,4,low,M,1,1
9600,F,Flight,4,1,149,3,low,M,2,2
9601,D,Flight,4,4,132,3,medium,F,5,5
9602,F,Flight,3,1,246,3,low,F,10,10
9603,A,Flight,3,4,155,3,medium,M,9,9
9604,B,Flight,5,3,206,2,medium,M,7,7
9605,C,Flight,4,2,134,3,medium,F,1,1
9606,F,Flight,5,2,255,2,medium,M,9,9
9607,D,Flight,3,1,168,4,medium,F,9,9
9608,F,Ship,4,1,140,2,low,M,8,8
9609,A,Ship,5,3,191,3,high,F,6,6
9610,B,Ship,4,3,231,3,medium,F,8,8
9611,C,Ship,3,3,264,2,low,M,2,2
9612,F,Ship,5,3,137,3,low,M,6,6
9613,D,Ship,5,3,170,3,medium,F,4,4
9614,F,Ship,4,4,256,3,low,F,5,5
9615,A,Ship,5,1,176,6,medium,M,9,9
9616,B,Ship,3,2,198,4,low,F,3,3
9617,C,Ship,4,1,272,2,low,M,1,1
9618,F,Ship,4,4,149,3,medium,F,2,2
9619,D,Ship,5,3,192,7,medium,M,10,10
9620,F,Ship,6,5,117,7,medium,M,6,6
9621,A,Ship,2,4,180,2,low,F,6,6
9622,B,Ship,3,2,158,2,medium,F,8,8
9623,C,Ship,5,2,266,10,high,M,9,9
9624,F,Ship,6,3,304,4,low,M,3,3
9625,D,Ship,6,3,244,5,medium,F,1,1
9626,F,Ship,7,4,301,4,low,F,1,1
9627,A,Ship,4,2,275,5,medium,M,5,5
9628,B,Ship,5,5,236,5,low,M,3,3
9629,C,Ship,6,1,286,4,medium,M,10,10
9630,F,Ship,5,5,238,6,low,M,3,3
9631,D,Ship,7,1,300,4,medium,F,10,10
9632,F,Ship,6,4,292,4,medium,M,8,8
9633,A,Ship,5,1,172,2,low,F,9,9
9634,B,Ship,2,4,181,5,medium,F,9,9
9635,C,Ship,7,3,289,4,low,F,3,3
9636,F,Ship,7,3,256,4,medium,M,4,4
9637,D,Ship,4,4,251,5,medium,F,2,2
9638,F,Ship,6,5,245,4,low,M,2,2
9639,A,Ship,4,4,140,2,low,M,6,6
9640,B,Ship,5,4,191,3,high,F,7,7
9641,C,Ship,4,3,231,3,medium,M,8,8
9642,F,Ship,3,2,264,2,low,M,6,6
9643,D,Ship,5,2,137,3,low,F,1,1
9644,F,Ship,5,3,170,3,medium,M,6,6
9645,A,Ship,4,1,256,3,low,M,6,6
9646,B,Ship,5,4,176,6,medium,M,9,9
9647,C,Ship,3,5,198,4,low,F,10,10
9648,F,Ship,4,1,272,2,low,M,2,2
9649,D,Ship,4,3,149,3,medium,F,5,5
9650,F,Ship,5,2,192,7,medium,M,2,2
9651,A,Ship,6,1,117,7,medium,F,4,4
9652,B,Ship,2,4,180,2,low,F,5,5
9653,C,Ship,3,2,158,2,medium,M,9,9
9654,F,Ship,5,5,266,10,high,F,2,2
9655,D,Ship,6,3,304,4,low,M,5,5
9656,F,Ship,6,3,244,5,medium,F,4,4
9657,A,Ship,7,2,301,4,low,M,1,1
9658,B,Ship,4,3,275,5,medium,M,5,5
9659,C,Ship,5,4,236,5,low,M,1,1
9660,F,Ship,6,5,286,4,medium,F,3,3
9661,D,Ship,5,1,238,6,low,F,9,9
9662,F,Ship,7,2,300,4,medium,M,3,3
9663,A,Ship,6,4,292,4,medium,F,1,1
9664,B,Ship,5,2,172,2,low,F,2,2
9665,C,Ship,2,5,181,5,medium,F,5,5
9666,F,Ship,7,5,289,4,low,F,10,10
9667,D,Ship,7,5,256,4,medium,F,2,2
9668,F,Ship,4,5,251,5,medium,F,6,6
9669,A,Ship,6,4,279,4,low,F,1,1
9670,B,Ship,6,5,271,4,low,M,3,3
9671,C,Ship,4,2,258,5,medium,M,1,1
9672,F,Ship,6,5,245,4,low,F,7,7
9673,D,Ship,6,4,296,4,low,M,7,7
9674,F,Ship,5,3,267,5,low,F,1,1
9675,A,Ship,6,5,268,4,medium,M,2,2
9676,B,Ship,7,2,277,5,low,F,1,1
9677,C,Ship,6,2,259,4,low,M,5,5
9678,F,Ship,5,1,275,5,low,F,3,3
9679,D,Ship,6,5,298,4,low,M,3,3
9680,F,Ship,5,2,243,5,medium,F,4,4
9681,A,Ship,7,3,255,4,medium,F,4,4
9682,B,Ship,4,3,232,5,low,F,9,9
9683,C,Ship,6,5,254,4,medium,M,4,4
9684,F,Ship,4,1,234,5,low,M,3,3
9685,D,Ship,6,1,303,4,low,F,9,9
9686,F,Ship,6,3,262,4,low,F,5,5
9687,A,Ship,5,5,218,5,medium,F,7,7
9688,B,Ship,4,5,241,5,low,M,2,2
9689,C,Ship,6,3,267,4,medium,M,1,1
9690,F,Ship,7,1,301,4,low,F,6,6
9691,D,Ship,5,4,221,5,low,F,8,8
9692,F,Ship,6,5,275,4,low,M,2,2
9693,A,Ship,6,4,292,4,medium,M,5,5
9694,B,Ship,5,4,245,6,medium,M,9,9
9695,C,Ship,6,3,301,5,low,F,2,2
9696,F,Ship,6,3,245,4,medium,M,3,3
9697,D,Ship,7,5,288,4,low,F,1,1
9698,F,Ship,6,3,274,4,low,F,5,5
9699,A,Ship,4,2,231,5,low,F,2,2
9700,B,Ship,6,3,310,5,low,M,6,6
9701,C,Road,5,3,256,6,medium,M,3,3
9702,F,Road,6,5,281,4,medium,M,5,5
9703,D,Road,6,3,264,4,medium,F,3,3
9704,F,Road,7,3,274,5,low,F,9,9
9705,A,Road,5,2,272,5,low,M,8,8
9706,B,Road,4,5,257,5,medium,M,6,6
9707,C,Road,6,3,310,4,low,F,2,2
9708,F,Road,5,2,249,6,low,M,8,8
9709,D,Road,7,5,244,4,low,M,2,2
9710,F,Road,4,3,219,6,medium,F,2,2
9711,A,Road,7,1,264,4,medium,F,2,2
9712,B,Road,4,5,217,5,low,F,3,3
9713,C,Road,6,1,280,4,low,F,5,5
9714,F,Road,4,2,247,5,low,M,10,10
9715,D,Road,3,4,270,6,low,F,7,7
9716,F,Road,4,5,248,3,low,F,2,2
9717,A,Road,4,3,167,2,medium,F,1,1
9718,B,Road,4,5,268,3,medium,M,9,9
9719,C,Road,3,4,257,5,medium,M,10,10
9720,F,Road,5,2,152,3,low,F,4,4
9721,D,Road,4,2,147,3,low,M,3,3
9722,F,Road,3,4,179,2,low,M,5,5
9723,A,Flight,3,4,201,3,medium,M,10,10
9724,B,Flight,3,2,140,3,medium,M,8,8
9725,C,Flight,5,1,139,3,medium,M,2,2
9726,F,Flight,4,1,152,5,medium,M,8,8
9727,D,Flight,6,4,171,5,medium,M,9,9
9728,F,Flight,5,4,97,3,medium,F,8,8
9729,A,Flight,4,2,257,3,medium,M,8,8
9730,B,Flight,4,1,154,4,medium,M,1,1
9731,C,Flight,3,5,138,2,medium,M,1,1
9732,F,Flight,5,5,173,2,low,M,7,7
9733,D,Flight,3,5,252,3,medium,F,8,8
9734,F,Flight,5,2,251,2,low,M,2,2
9735,A,Flight,3,5,223,4,high,F,7,7
9736,B,Flight,5,2,261,3,high,M,3,3
9737,C,Flight,4,2,111,2,high,F,4,4
9738,F,Flight,3,2,210,3,low,F,9,9
9739,D,Flight,4,1,161,3,low,M,1,1
9740,F,Flight,3,4,143,3,low,M,10,10
9741,A,Flight,4,3,170,2,low,M,2,2
9742,B,Flight,2,5,151,3,medium,M,9,9
9743,C,Flight,3,3,154,2,low,M,1,1
9744,F,Flight,4,4,146,3,medium,F,6,6
9745,D,Ship,5,1,238,5,low,F,5,5
9746,F,Ship,4,2,264,2,low,F,9,9
9747,A,Ship,4,5,196,3,low,F,4,4
9748,B,Ship,5,4,164,3,low,M,9,9
9749,C,Ship,4,2,144,4,medium,F,2,2
9750,F,Ship,3,5,147,2,medium,M,6,6
9751,D,Ship,3,4,181,3,high,F,9,9
9752,F,Ship,4,3,212,3,low,F,1,1
9753,A,Ship,2,3,258,2,low,M,4,4
9754,B,Ship,3,5,202,2,medium,F,8,8
9755,C,Ship,4,5,143,3,medium,M,2,2
9756,F,Ship,5,3,175,3,medium,F,7,7
9757,D,Ship,5,1,135,3,low,F,10,10
9758,F,Ship,2,5,249,3,low,F,3,3
9759,A,Ship,4,2,202,3,medium,M,7,7
9760,B,Ship,4,5,135,3,low,F,6,6
9761,C,Ship,3,2,268,4,low,M,6,6
9762,F,Ship,4,3,103,2,low,M,4,4
9763,D,Ship,6,4,225,4,medium,M,10,10
9764,F,Ship,6,5,211,6,low,M,3,3
9765,A,Ship,3,5,161,2,low,F,8,8
9766,B,Ship,4,4,155,2,medium,F,6,6
9767,C,Ship,5,2,182,4,medium,F,9,9
9768,F,Ship,5,5,124,3,low,M,10,10
9769,D,Ship,4,3,167,3,high,F,4,4
9770,F,Ship,4,4,246,3,low,F,7,7
9771,A,Ship,3,2,196,5,medium,F,6,6
9772,B,Ship,3,5,211,2,low,F,5,5
9773,C,Ship,2,1,234,4,medium,F,9,9
9774,F,Ship,3,5,174,6,low,M,6,6
9775,D,Ship,5,4,190,3,medium,F,4,4
9776,F,Ship,4,1,255,3,medium,F,6,6
9777,A,Ship,3,1,192,3,medium,M,4,4
9778,B,Ship,5,2,174,3,low,F,10,10
9779,C,Ship,3,1,263,3,medium,F,4,4
9780,F,Ship,5,5,251,2,high,F,3,3
9781,D,Ship,5,3,223,3,low,F,2,2
9782,F,Ship,3,3,168,2,low,M,1,1
9783,A,Ship,3,4,213,3,high,M,7,7
9784,B,Ship,4,3,99,6,medium,M,9,9
9785,C,Ship,4,4,267,3,medium,M,9,9
9786,F,Ship,5,1,183,3,medium,F,8,8
9787,D,Ship,4,4,180,3,low,M,3,3
9788,F,Ship,2,1,206,2,low,M,7,7
9789,A,Ship,4,2,216,3,low,M,10,10
9790,B,Ship,5,5,167,3,low,M,10,10
9791,C,Ship,3,2,162,3,medium,M,4,4
9792,F,Ship,3,1,250,3,medium,F,6,6
9793,D,Ship,4,2,245,3,medium,M,1,1
9794,F,Ship,3,4,226,3,low,F,7,7
9795,A,Ship,5,1,226,2,medium,M,6,6
9796,B,Ship,5,4,222,2,high,M,8,8
9797,C,Ship,4,1,177,2,low,M,2,2
9798,F,Ship,4,4,223,3,high,F,5,5
9799,D,Ship,5,5,210,6,low,M,3,3
9800,F,Ship,4,2,170,2,low,M,3,3
9801,A,Ship,5,5,135,4,low,M,8,8
9802,B,Ship,3,5,192,4,medium,F,7,7
9803,C,Ship,4,2,204,3,medium,F,3,3
9804,F,Ship,3,4,244,3,medium,M,4,4
9805,D,Ship,3,2,255,4,low,F,8,8
9806,F,Ship,4,5,160,2,medium,F,8,8
9807,A,Ship,4,1,150,2,low,M,5,5
9808,B,Ship,4,2,242,6,medium,F,10,10
9809,C,Ship,4,5,240,6,medium,F,9,9
9810,F,Ship,2,4,246,2,low,M,10,10
9811,D,Ship,3,1,232,2,low,F,3,3
9812,F,Ship,4,3,274,3,low,F,5,5
9813,A,Ship,4,3,253,3,low,F,5,5
9814,B,Ship,5,1,229,4,medium,M,1,1
9815,C,Ship,4,4,131,3,medium,F,10,10
9816,F,Ship,4,3,125,3,low,F,10,10
9817,D,Ship,3,3,201,3,low,F,2,2
9818,F,Ship,4,4,207,3,medium,F,1,1
9819,A,Ship,3,1,144,2,medium,M,8,8
9820,B,Ship,3,5,109,4,medium,F,4,4
9821,C,Ship,4,2,161,2,high,F,8,8
9822,F,Ship,4,2,151,3,medium,M,3,3
9823,D,Ship,3,3,149,4,low,F,2,2
9824,F,Ship,5,5,239,3,low,M,5,5
9825,A,Ship,4,3,287,5,medium,M,6,6
9826,B,Ship,3,3,132,2,medium,F,8,8
9827,C,Ship,5,2,165,5,medium,M,9,9
9828,F,Ship,5,4,143,2,low,M,1,1
9829,D,Ship,4,4,262,3,medium,M,2,2
9830,F,Ship,5,3,201,6,low,F,3,3
9831,A,Ship,4,3,213,4,medium,M,8,8
9832,B,Ship,2,3,269,2,low,M,3,3
9833,C,Ship,6,5,217,4,low,F,2,2
9834,F,Ship,4,3,133,2,low,F,10,10
9835,D,Ship,3,4,248,3,medium,M,7,7
9836,F,Ship,4,3,244,3,low,M,9,9
9837,A,Ship,4,1,197,3,high,M,9,9
9838,B,Road,5,5,268,4,low,F,9,9
9839,C,Road,5,5,203,4,low,M,6,6
9840,F,Road,4,4,224,2,low,F,3,3
9841,D,Road,3,4,212,3,low,M,6,6
9842,F,Road,5,4,208,6,medium,M,8,8
9843,A,Road,4,5,155,3,medium,M,3,3
9844,B,Road,5,4,260,3,low,M,8,8
9845,C,Road,2,2,174,3,low,F,3,3
9846,F,Road,4,1,161,3,medium,M,3,3
9847,D,Road,5,5,246,3,medium,F,7,7
9848,F,Road,5,1,173,4,medium,F,2,2
9849,A,Road,3,2,175,2,low,M,9,9
9850,B,Road,5,1,243,3,medium,F,10,10
9851,C,Road,3,2,122,4,low,F,9,9
9852,F,Road,4,2,219,2,low,F,1,1
9853,D,Road,3,2,217,3,high,M,7,7
9854,F,Road,4,3,250,6,medium,M,2,2
9855,A,Road,3,3,274,3,low,F,5,5
9856,B,Road,2,2,260,3,medium,F,6,6
9857,C,Road,4,4,185,2,medium,F,1,1
9858,F,Road,4,5,270,3,low,M,1,1
9859,D,Road,6,3,166,5,medium,F,3,3
9860,F,Flight,4,4,160,4,low,M,1,1
9861,A,Flight,3,2,247,3,low,M,3,3
9862,B,Flight,4,2,272,2,low,M,1,1
9863,C,Flight,4,5,171,2,medium,F,1,1
9864,F,Flight,5,2,211,3,medium,F,8,8
9865,D,Flight,3,4,271,3,medium,M,1,1
9866,F,Flight,6,4,155,5,medium,F,8,8
9867,A,Flight,4,1,220,3,medium,F,7,7
9868,B,Flight,3,3,220,3,low,F,10,10
9869,C,Flight,2,4,285,3,high,M,6,6
9870,F,Flight,3,1,109,6,low,F,5,5
9871,D,Flight,3,4,194,3,medium,M,7,7
9872,F,Flight,3,3,214,2,medium,F,9,9
9873,A,Flight,3,5,161,3,low,F,4,4
9874,B,Flight,3,5,202,4,medium,F,7,7
9875,C,Flight,3,3,179,8,high,F,3,3
9876,F,Flight,5,1,137,5,low,F,8,8
9877,D,Flight,6,1,173,3,medium,F,2,2
9878,F,Flight,3,4,243,3,medium,M,6,6
9879,A,Flight,4,2,258,5,medium,M,2,2
9880,B,Flight,6,3,245,4,low,F,3,3
9881,C,Flight,6,3,296,4,low,F,4,4
9882,F,Ship,5,4,267,5,low,M,9,9
9883,D,Ship,6,5,268,4,medium,F,1,1
9884,F,Ship,7,4,277,5,low,M,4,4
9885,A,Ship,6,1,259,4,low,F,4,4
9886,B,Ship,5,1,275,5,low,M,6,6
9887,C,Ship,6,3,298,4,low,F,9,9
9888,F,Ship,5,2,243,5,medium,F,4,4
9889,D,Ship,7,2,255,4,medium,F,10,10
9890,F,Ship,4,5,232,5,low,F,3,3
9891,A,Ship,3,4,247,3,low,F,4,4
9892,B,Ship,4,4,272,2,low,M,1,1
9893,C,Ship,4,1,171,2,medium,F,10,10
9894,F,Ship,5,5,211,3,medium,F,7,7
9895,D,Ship,3,1,271,3,medium,M,1,1
9896,F,Ship,6,1,155,5,medium,F,8,8
9897,A,Ship,4,5,220,3,medium,F,1,1
9898,B,Ship,3,5,220,3,low,F,5,5
9899,C,Ship,2,1,285,3,high,F,7,7
9900,F,Ship,3,1,109,6,low,F,6,6
9901,D,Ship,3,2,194,3,medium,F,7,7
9902,F,Ship,3,5,214,2,medium,F,6,6
9903,A,Ship,3,5,161,3,low,F,10,10
9904,B,Ship,3,3,202,4,medium,M,10,10
9905,C,Ship,3,2,179,8,high,M,3,3
9906,F,Ship,5,1,137,5,low,M,4,4
9907,D,Ship,6,2,173,3,medium,F,4,4
9908,F,Ship,3,1,243,3,medium,M,6,6
9909,A,Ship,4,5,258,5,medium,M,2,2
9910,B,Ship,6,2,245,4,low,F,9,9
9911,C,Ship,6,4,296,4,low,M,4,4
9912,F,Ship,5,5,267,5,low,F,1,1
9913,D,Ship,6,1,268,4,medium,M,10,10
9914,F,Ship,7,2,277,5,low,F,7,7
9915,A,Ship,6,2,259,4,low,F,10,10
9916,B,Ship,5,3,275,5,low,F,2,2
9917,C,Ship,6,2,298,4,low,M,2,2
9918,F,Ship,5,5,243,5,medium,M,2,2
9919,D,Ship,6,5,280,4,low,F,3,3
9920,F,Ship,6,3,277,4,medium,M,6,6
9921,A,Ship,6,4,284,4,low,F,7,7
9922,B,Ship,4,1,258,5,low,M,8,8
9923,C,Ship,7,1,254,4,low,F,5,5
9924,F,Ship,5,4,263,5,medium,M,8,8
9925,D,Ship,6,2,267,4,low,M,10,10
9926,F,Ship,6,3,247,4,medium,M,7,7
9927,A,Ship,5,1,233,5,medium,F,6,6
9928,B,Ship,7,2,254,4,medium,F,9,9
9929,C,Ship,6,1,289,5,medium,M,7,7
9930,F,Ship,6,2,282,4,medium,M,6,6
9931,D,Ship,5,3,243,6,medium,M,10,10
9932,F,Ship,5,3,243,5,medium,M,8,8
9933,A,Ship,4,2,228,5,low,F,3,3
9934,B,Ship,5,5,235,5,low,M,4,4
9935,C,Ship,4,4,274,6,low,M,10,10
9936,F,Ship,6,4,254,5,medium,F,10,10
9937,D,Ship,4,5,251,6,low,F,1,1
9938,F,Ship,7,1,310,4,medium,F,8,8
9939,A,Ship,7,3,288,4,medium,M,3,3
9940,B,Ship,4,3,218,5,medium,F,9,9
9941,C,Ship,5,5,251,5,medium,F,10,10
9942,F,Ship,5,3,263,5,medium,F,6,6
9943,D,Ship,4,4,266,6,low,F,2,2
9944,F,Ship,6,2,307,4,low,F,9,9
9945,A,Ship,7,5,268,4,medium,F,9,9
9946,B,Ship,6,5,157,5,low,F,10,10
9947,C,Ship,7,3,262,4,low,F,1,1
9948,F,Ship,4,2,245,5,medium,M,10,10
9949,D,Ship,5,5,217,6,medium,M,5,5
9950,F,Ship,6,3,259,4,high,F,7,7
9951,A,Ship,5,2,238,5,low,F,4,4
9952,B,Ship,6,4,288,4,medium,F,9,9
9953,C,Ship,7,4,284,4,low,M,3,3
9954,F,Ship,4,4,243,5,medium,M,2,2
9955,D,Ship,6,2,260,4,low,F,8,8
9956,F,Ship,4,3,264,5,low,F,2,2
9957,A,Ship,5,2,269,5,medium,F,10,10
9958,B,Ship,7,4,282,4,low,M,6,6
9959,C,Ship,5,2,250,6,low,M,1,1
9960,F,Ship,5,5,230,5,low,F,8,8
9961,D,Ship,6,5,254,4,high,F,10,10
9962,F,Ship,5,4,256,5,low,M,2,2
9963,A,Ship,4,2,255,5,low,F,7,7
9964,B,Ship,7,3,306,4,low,M,2,2
9965,C,Ship,6,2,189,2,low,F,2,2
9966,F,Ship,6,3,280,4,low,M,2,2
9967,D,Ship,6,5,310,4,medium,F,10,10
9968,F,Ship,5,4,266,2,medium,M,1,1
9969,A,Ship,3,3,196,3,low,M,4,4
9970,B,Ship,3,2,198,5,medium,F,6,6
9971,C,Ship,5,5,163,2,high,M,6,6
9972,F,Ship,3,3,137,3,low,F,8,8
9973,D,Ship,3,1,167,2,low,F,8,8
9974,F,Ship,3,5,115,2,low,M,10,10
9975,A,Road,5,2,192,2,low,M,5,5
9976,B,Road,4,2,238,5,medium,M,9,9
9977,C,Road,4,2,142,3,low,M,2,2
9978,F,Road,3,2,256,2,low,F,7,7
9979,D,Road,4,1,208,3,medium,F,7,7
9980,F,Road,3,2,257,2,medium,M,8,8
9981,A,Road,4,3,227,3,medium,M,8,8
9982,B,Road,4,2,219,4,low,M,8,8
9983,C,Road,5,3,202,2,low,F,9,9
9984,F,Road,4,2,158,3,medium,F,9,9
9985,D,Road,6,3,235,3,low,F,7,7
9986,F,Road,4,4,233,3,low,M,9,9
9987,A,Road,4,5,244,3,medium,M,3,3
9988,B,Road,3,5,244,5,medium,F,10,10
9989,C,Road,3,5,148,3,low,M,4,4
9990,F,Road,5,5,171,2,high,M,8,8
9991,D,Road,5,2,197,5,low,F,4,4
9992,F,Road,3,1,256,3,low,F,5,5
9993,A,Road,6,3,223,2,medium,M,7,7
9994,B,Road,5,2,271,4,low,F,4,4
9995,C,Road,2,1,135,4,medium,F,8,8
9996,F,Road,6,4,272,2,low,M,7,7
9997,D,Flight,3,1,265,3,medium,F,10,10
9998,F,Flight,5,5,180,2,high,M,5,5
9999,A,Flight,5,3,187,3,low,M,2,2
10000,B,Flight,3,3,158,3,low,M,1,1
10001,C,Flight,4,1,234,2,medium,F,4,4
10002,F,Flight,6,4,224,5,medium,M,10,10
10003,D,Flight,4,4,153,3,medium,M,3,3
10004,F,Flight,3,5,125,2,low,F,2,2
10005,A,Flight,4,1,204,3,medium,M,3,3
10006,B,Flight,3,1,199,3,high,M,3,3
10007,C,Flight,3,4,216,3,low,F,3,3
10008,F,Flight,4,3,183,3,low,F,6,6
10009,D,Flight,4,3,136,3,medium,F,4,4
10010,F,Flight,4,1,269,3,low,F,3,3
10011,A,Flight,5,5,105,4,low,M,6,6
10012,B,Flight,4,2,253,2,low,F,4,4
10013,C,Flight,3,1,263,3,medium,M,4,4
10014,F,Flight,4,1,266,3,low,M,10,10
10015,D,Flight,3,3,185,2,low,M,4,4
10016,F,Flight,3,4,245,2,medium,F,1,1
10017,A,Flight,3,5,184,3,medium,F,9,9
10018,B,Flight,5,4,235,3,medium,F,8,8
10019,C,Ship,3,2,247,3,medium,M,8,8
10020,F,Ship,4,4,145,2,medium,M,9,9
10021,D,Ship,3,3,158,2,low,F,4,4
10022,F,Ship,4,5,268,2,low,M,2,2
10023,A,Ship,3,1,186,3,medium,F,4,4
10024,B,Ship,2,3,226,3,medium,M,8,8
10025,C,Ship,5,1,258,3,medium,M,7,7
10026,F,Ship,3,4,189,3,high,M,2,2
10027,D,Ship,5,3,255,4,medium,F,4,4
10028,F,Ship,5,5,207,4,low,F,1,1
10029,A,Ship,3,5,271,3,low,M,2,2
10030,B,Ship,3,4,239,4,medium,F,10,10
10031,C,Ship,4,4,186,3,low,F,8,8
10032,F,Ship,4,1,139,3,medium,F,7,7
10033,D,Ship,3,3,224,6,medium,M,10,10
10034,F,Ship,4,2,198,2,high,M,2,2
10035,A,Ship,4,4,102,3,high,F,9,9
10036,B,Ship,3,3,219,3,high,M,5,5
10037,C,Ship,4,5,240,5,medium,M,8,8
10038,F,Ship,3,2,222,2,medium,M,1,1
10039,D,Ship,2,2,221,2,medium,F,3,3
10040,F,Ship,5,3,229,2,medium,F,1,1
10041,A,Ship,5,2,146,3,low,F,5,5
10042,B,Ship,3,3,165,2,low,M,1,1
10043,C,Ship,4,4,200,3,low,F,7,7
10044,F,Ship,4,2,232,2,low,M,5,5
10045,D,Ship,5,5,240,2,low,F,2,2
10046,F,Ship,5,4,240,4,medium,M,7,7
10047,A,Ship,3,2,187,3,medium,F,7,7
10048,B,Ship,5,4,239,3,low,F,7,7
10049,C,Ship,3,1,171,4,medium,F,6,6
10050,F,Ship,4,2,239,4,medium,M,8,8
10051,D,Ship,4,2,166,5,low,M,8,8
10052,F,Ship,6,1,113,2,medium,F,7,7
10053,A,Ship,4,3,104,5,low,F,6,6
10054,B,Ship,3,4,270,3,medium,F,10,10
10055,C,Ship,5,1,145,2,medium,M,8,8
10056,F,Ship,3,5,171,3,medium,M,5,5
10057,D,Ship,4,5,160,3,low,F,9,9
10058,F,Ship,4,2,210,2,medium,F,1,1
10059,A,Ship,4,1,256,4,medium,F,3,3
10060,B,Ship,4,5,155,3,low,F,10,10
10061,C,Ship,5,1,126,5,medium,F,2,2
10062,F,Ship,3,1,189,3,low,M,1,1
10063,D,Ship,4,1,206,3,high,M,2,2
10064,F,Ship,4,3,242,2,medium,M,2,2
10065,A,Ship,3,1,258,2,low,F,4,4
10066,B,Ship,4,4,196,4,low,F,10,10
10067,C,Ship,3,3,209,3,low,M,1,1
10068,F,Ship,4,4,259,2,low,M,6,6
10069,D,Ship,2,1,140,2,medium,F,8,8
10070,F,Ship,5,3,141,2,medium,F,10,10
10071,A,Ship,3,1,160,2,medium,M,5,5
10072,B,Ship,5,4,208,4,medium,F,8,8
10073,C,Ship,3,4,198,3,low,F,3,3
10074,F,Ship,4,4,264,3,low,M,6,6
10075,D,Ship,4,3,136,4,low,M,10,10
10076,F,Ship,4,4,221,4,low,F,2,2
10077,A,Ship,5,3,242,3,low,F,10,10
10078,B,Ship,4,2,162,3,low,M,7,7
10079,C,Ship,4,5,258,3,low,F,3,3
10080,F,Ship,5,3,172,3,medium,F,3,3
10081,D,Ship,4,4,222,4,medium,M,6,6
10082,F,Ship,3,2,215,2,low,F,7,7
10083,A,Ship,3,4,164,2,low,M,1,1
10084,B,Ship,5,1,233,3,low,F,6,6
10085,C,Ship,4,4,249,3,medium,F,1,1
10086,F,Ship,4,5,217,3,low,F,3,3
10087,D,Ship,4,3,260,3,low,M,1,1
10088,F,Ship,4,1,219,2,medium,M,6,6
10089,A,Ship,4,1,267,4,medium,M,2,2
10090,B,Ship,5,3,137,4,low,F,9,9
10091,C,Ship,4,5,141,2,low,M,1,1
10092,F,Ship,4,2,201,2,medium,M,6,6
10093,D,Ship,5,1,125,4,medium,M,3,3
10094,F,Ship,3,1,173,2,medium,F,1,1
10095,A,Ship,3,5,271,2,medium,F,6,6
10096,B,Ship,4,5,243,3,low,M,9,9
10097,C,Ship,5,1,151,3,low,F,9,9
10098,F,Ship,4,4,224,4,medium,F,2,2
10099,D,Ship,3,2,141,3,low,M,7,7
10100,F,Ship,3,2,133,3,medium,M,10,10
10101,A,Ship,3,2,239,3,low,M,4,4
10102,B,Ship,4,3,203,2,low,M,8,8
10103,C,Ship,4,2,220,3,low,F,9,9
10104,F,Ship,4,3,212,2,low,M,8,8
10105,D,Ship,2,4,252,4,medium,M,4,4
10106,F,Ship,5,5,265,3,low,M,3,3
10107,A,Ship,4,2,199,3,low,M,7,7
10108,B,Ship,3,5,209,3,high,F,4,4
10109,C,Ship,4,5,254,3,low,F,7,7
10110,F,Ship,2,3,216,3,high,M,9,9
10111,D,Ship,5,4,196,2,medium,M,2,2
10112,F,Road,4,4,258,3,high,M,2,2
10113,A,Road,3,3,137,3,high,M,7,7
10114,B,Road,6,5,282,4,low,M,10,10
10115,C,Road,3,2,156,2,medium,M,10,10
10116,F,Road,4,5,237,5,medium,M,4,4
10117,D,Road,4,5,170,3,medium,M,3,3
10118,F,Road,4,1,243,3,high,F,9,9
10119,A,Road,4,5,163,3,medium,F,2,2
10120,B,Road,3,4,257,3,low,F,4,4
10121,C,Road,5,4,179,6,medium,M,1,1
10122,F,Road,3,3,274,4,medium,F,7,7
10123,D,Road,3,4,174,2,low,F,4,4
10124,F,Road,4,2,162,6,low,F,4,4
10125,A,Road,6,2,269,6,medium,M,4,4
10126,B,Road,4,1,147,2,low,M,8,8
10127,C,Road,6,4,286,4,medium,F,5,5
10128,F,Road,2,5,271,3,low,F,6,6
10129,D,Road,5,2,130,4,high,M,4,4
10130,F,Road,4,5,258,2,medium,F,2,2
10131,A,Road,5,1,151,3,medium,F,1,1
10132,B,Road,5,4,208,8,medium,F,4,4
10133,C,Road,6,2,137,10,low,F,5,5
10134,F,Flight,3,1,250,3,medium,F,8,8
10135,D,Flight,4,5,211,2,low,F,4,4
10136,F,Flight,4,1,196,3,medium,F,9,9
10137,A,Flight,3,4,174,3,low,F,3,3
10138,B,Flight,6,5,277,4,medium,F,5,5
10139,C,Flight,6,2,284,4,low,F,7,7
10140,F,Flight,4,5,258,5,low,M,3,3
10141,D,Flight,7,1,254,4,low,M,9,9
10142,F,Flight,5,5,263,5,medium,M,10,10
10143,A,Flight,6,5,267,4,low,M,3,3
10144,B,Flight,6,4,247,4,medium,M,2,2
10145,C,Flight,5,1,233,5,medium,M,4,4
10146,F,Flight,7,5,254,4,medium,F,6,6
10147,D,Flight,6,3,289,5,medium,F,1,1
10148,F,Flight,6,2,282,4,medium,F,9,9
10149,A,Flight,5,3,243,6,medium,F,10,10
10150,B,Flight,5,1,243,5,medium,M,8,8
10151,C,Flight,4,5,228,5,low,M,2,2
10152,F,Flight,5,4,235,5,low,F,8,8
10153,D,Flight,4,1,274,6,low,M,8,8
10154,F,Flight,6,3,254,5,medium,F,7,7
10155,A,Flight,4,4,237,5,medium,F,6,6
10156,B,Ship,4,4,170,3,medium,M,4,4
10157,C,Ship,4,4,243,3,high,F,4,4
10158,F,Ship,4,5,163,3,medium,M,1,1
10159,D,Ship,3,3,257,3,low,M,5,5
10160,F,Ship,5,3,179,6,medium,M,1,1
10161,A,Ship,3,1,274,4,medium,M,4,4
10162,B,Ship,3,4,174,2,low,M,7,7
10163,C,Ship,4,1,162,6,low,M,1,1
10164,F,Ship,6,1,269,6,medium,F,2,2
10165,D,Ship,4,3,147,2,low,M,2,2
10166,F,Ship,6,5,286,4,medium,F,4,4
10167,A,Ship,2,5,271,3,low,M,9,9
10168,B,Ship,5,1,130,4,high,F,9,9
10169,C,Ship,4,4,258,2,medium,F,5,5
10170,F,Ship,5,5,151,3,medium,M,2,2
10171,D,Ship,5,2,208,8,medium,M,5,5
10172,F,Ship,6,2,137,10,low,F,4,4
10173,A,Ship,3,2,250,3,medium,M,6,6
10174,B,Ship,4,3,211,2,low,F,6,6
10175,C,Ship,4,4,196,3,medium,F,2,2
10176,F,Ship,3,2,174,3,low,F,3,3
10177,D,Ship,6,3,277,4,medium,F,6,6
10178,F,Ship,6,3,284,4,low,F,3,3
10179,A,Ship,4,4,258,5,low,M,9,9
10180,B,Ship,7,2,254,4,low,M,6,6
10181,C,Ship,5,5,263,5,medium,M,2,2
10182,F,Ship,6,1,267,4,low,M,9,9
10183,D,Ship,6,2,247,4,medium,M,3,3
10184,F,Ship,5,3,233,5,medium,F,3,3
10185,A,Ship,7,5,254,4,medium,F,1,1
10186,B,Ship,6,2,289,5,medium,F,10,10
10187,C,Ship,6,3,282,4,medium,F,8,8
10188,F,Ship,5,2,243,6,medium,M,7,7
10189,D,Ship,5,4,243,5,medium,F,4,4
10190,F,Ship,4,1,228,5,low,F,6,6
10191,A,Ship,5,5,235,5,low,M,8,8
10192,B,Ship,7,3,306,4,low,F,4,4
10193,C,Ship,6,1,189,2,low,F,6,6
10194,F,Ship,6,4,280,4,low,M,4,4
10195,D,Ship,6,4,310,4,medium,M,1,1
10196,F,Ship,4,3,264,6,medium,F,10,10
10197,A,Ship,5,5,243,6,low,M,9,9
10198,B,Ship,5,5,245,5,low,M,5,5
10199,C,Ship,5,5,239,6,low,M,1,1
10200,F,Ship,4,3,248,5,low,F,7,7
10201,D,Ship,6,1,268,4,low,F,1,1
10202,F,Ship,6,4,271,4,low,F,6,6
10203,A,Ship,4,5,233,5,low,F,8,8
10204,B,Ship,5,1,245,5,low,M,9,9
10205,C,Ship,5,2,248,5,medium,F,1,1
10206,F,Ship,5,2,234,5,medium,M,6,6
10207,D,Ship,4,2,259,5,medium,F,2,2
10208,F,Ship,5,1,259,6,low,F,2,2
10209,A,Ship,5,2,263,6,low,M,2,2
10210,B,Ship,3,1,158,5,low,M,4,4
10211,C,Ship,5,5,270,5,low,M,5,5
10212,F,Ship,4,3,271,5,low,M,6,6
10213,D,Ship,5,5,237,5,medium,F,9,9
10214,F,Ship,6,1,250,4,medium,M,5,5
10215,A,Ship,4,2,270,5,low,F,10,10
10216,B,Ship,4,5,242,6,low,F,9,9
10217,C,Ship,5,1,271,5,low,F,4,4
10218,F,Ship,4,3,254,5,low,F,8,8
10219,D,Ship,5,3,274,5,medium,M,7,7
10220,F,Ship,4,3,249,5,low,F,10,10
10221,A,Ship,4,3,245,5,low,M,7,7
10222,B,Ship,4,5,237,5,low,F,9,9
10223,C,Ship,4,3,238,6,low,M,2,2
10224,F,Ship,5,3,242,5,low,F,6,6
10225,D,Ship,5,5,217,6,medium,M,1,1
10226,F,Ship,4,2,242,6,low,F,10,10
10227,A,Ship,6,1,265,4,low,F,1,1
10228,B,Ship,3,4,267,3,low,F,3,3
10229,C,Ship,3,1,238,2,low,M,9,9
10230,F,Ship,5,3,284,5,medium,F,4,4
10231,D,Ship,4,3,137,3,medium,M,5,5
10232,F,Ship,2,1,232,6,low,F,2,2
10233,A,Ship,3,3,262,2,low,F,10,10
10234,B,Ship,5,1,158,2,medium,M,6,6
10235,C,Ship,5,5,226,4,low,F,10,10
10236,F,Ship,4,3,199,2,low,M,4,4
10237,D,Ship,4,4,175,2,medium,F,10,10
10238,F,Ship,5,1,233,3,low,F,9,9
10239,A,Ship,2,5,111,2,low,F,5,5
10240,B,Ship,5,2,218,3,low,M,4,4
10241,C,Ship,5,1,189,4,low,F,10,10
10242,F,Ship,4,3,257,3,low,M,8,8
10243,D,Ship,4,2,160,3,low,M,5,5
10244,F,Ship,3,3,197,3,low,F,4,4
10245,A,Ship,3,5,283,2,low,M,2,2
10246,B,Ship,5,5,197,4,low,F,7,7
10247,C,Ship,3,1,259,4,low,F,9,9
10248,F,Ship,4,3,195,3,medium,M,5,5
10249,D,Road,3,1,159,2,medium,M,5,5
10250,F,Road,3,1,267,3,medium,F,8,8
10251,A,Road,5,2,155,3,low,F,10,10
10252,B,Road,3,1,267,2,low,F,9,9
10253,C,Road,4,1,239,3,medium,F,9,9
10254,F,Road,3,1,263,3,high,M,10,10
10255,D,Road,3,5,217,3,medium,M,3,3
10256,F,Road,4,3,173,3,low,M,4,4
10257,A,Road,2,2,163,3,low,M,5,5
10258,B,Road,5,5,232,5,low,F,2,2
10259,C,Road,3,3,155,3,medium,M,5,5
10260,F,Road,3,4,160,4,low,M,1,1
10261,D,Road,5,4,200,3,medium,M,3,3
10262,F,Road,4,1,160,2,medium,M,1,1
10263,A,Road,3,3,220,3,low,M,7,7
10264,B,Road,3,3,160,2,medium,F,3,3
10265,C,Road,3,4,136,3,low,F,4,4
10266,F,Road,5,1,252,3,high,F,2,2
10267,D,Road,3,4,138,5,medium,F,5,5
10268,F,Road,4,4,173,3,low,M,10,10
10269,A,Road,4,5,198,3,low,M,2,2
10270,B,Road,4,1,194,2,medium,F,3,3
10271,C,Flight,4,5,157,3,medium,M,10,10
10272,F,Flight,3,3,220,3,low,F,2,2
10273,D,Flight,4,4,160,3,medium,M,5,5
10274,F,Flight,3,4,214,2,low,M,7,7
10275,A,Flight,5,5,213,3,medium,M,5,5
10276,B,Flight,3,5,146,3,medium,M,8,8
10277,C,Flight,4,3,176,5,low,M,2,2
10278,F,Flight,3,2,219,4,low,F,6,6
10279,D,Flight,4,3,164,3,medium,F,4,4
10280,F,Flight,3,4,168,2,medium,F,7,7
10281,A,Flight,5,3,167,3,low,M,9,9
10282,B,Flight,3,2,152,3,medium,F,7,7
10283,C,Flight,5,4,248,3,low,M,7,7
10284,F,Flight,3,5,177,2,low,F,2,2
10285,D,Flight,4,4,148,3,low,M,4,4
10286,F,Flight,4,2,107,2,low,F,8,8
10287,A,Flight,6,2,196,2,low,M,10,10
10288,B,Flight,3,3,215,2,low,F,2,2
10289,C,Flight,4,5,260,3,low,M,10,10
10290,F,Flight,5,5,156,2,low,F,8,8
10291,D,Flight,4,1,266,2,high,M,4,4
10292,F,Flight,4,1,146,3,low,F,1,1
10293,A,Ship,4,2,210,3,medium,F,10,10
10294,B,Ship,2,4,144,2,medium,M,5,5
10295,C,Ship,3,5,181,4,low,F,1,1
10296,F,Ship,5,5,132,4,low,F,8,8
10297,D,Ship,5,3,243,6,medium,F,9,9
10298,F,Ship,4,3,166,4,medium,F,1,1
10299,A,Ship,5,5,148,4,medium,F,4,4
10300,B,Ship,6,4,221,5,low,M,9,9
10301,C,Ship,4,2,207,3,medium,F,5,5
10302,F,Ship,4,1,228,3,medium,M,4,4
10303,D,Ship,3,2,161,3,medium,M,2,2
10304,F,Ship,4,2,259,2,high,F,10,10
10305,A,Ship,4,5,272,2,low,F,10,10
10306,B,Ship,4,4,154,3,low,M,4,4
10307,C,Ship,4,2,174,3,low,M,4,4
10308,F,Ship,4,2,225,2,medium,F,5,5
10309,D,Ship,3,5,209,3,medium,M,8,8
10310,F,Ship,6,1,208,5,low,M,6,6
10311,A,Ship,4,4,163,3,low,M,8,8
10312,B,Ship,3,5,174,3,low,M,7,7
10313,C,Ship,3,5,236,3,medium,F,1,1
10314,F,Ship,3,2,229,6,medium,F,3,3
10315,D,Ship,3,4,195,2,low,F,5,5
10316,F,Ship,4,2,146,3,low,F,9,9
10317,A,Ship,3,2,211,2,low,M,4,4
10318,B,Ship,2,2,161,3,low,F,5,5
10319,C,Ship,2,5,243,3,medium,F,9,9
10320,F,Ship,3,3,169,2,medium,F,8,8
10321,D,Ship,3,4,273,3,high,F,8,8
10322,F,Ship,4,2,137,2,medium,M,3,3
10323,A,Ship,2,1,96,2,high,F,9,9
10324,B,Ship,5,5,177,4,medium,F,2,2
10325,C,Ship,4,1,269,3,low,F,7,7
10326,F,Ship,3,2,188,5,medium,M,7,7
10327,D,Ship,4,1,238,3,low,F,10,10
10328,F,Ship,5,2,172,5,medium,F,5,5
10329,A,Ship,4,4,134,5,medium,M,2,2
10330,B,Ship,4,2,191,2,medium,F,8,8
10331,C,Ship,5,3,210,6,low,M,6,6
10332,F,Ship,4,5,161,3,medium,F,2,2
10333,D,Ship,5,4,161,5,medium,M,1,1
10334,F,Ship,4,1,166,5,low,F,9,9
10335,A,Ship,4,3,170,4,medium,F,9,9
10336,B,Ship,3,1,251,3,medium,F,4,4
10337,C,Ship,3,3,214,3,medium,M,3,3
10338,F,Ship,4,3,197,3,medium,F,6,6
10339,D,Ship,3,3,227,2,high,M,5,5
10340,F,Ship,4,5,265,2,low,F,6,6
10341,A,Ship,6,5,287,5,low,M,2,2
10342,B,Ship,3,5,206,2,low,M,3,3
10343,C,Ship,4,2,192,3,low,F,4,4
10344,F,Ship,2,1,109,4,low,F,3,3
10345,D,Ship,4,3,180,2,medium,M,7,7
10346,F,Ship,3,2,224,3,medium,M,2,2
10347,A,Ship,3,2,259,6,medium,M,1,1
10348,B,Ship,3,4,269,3,medium,M,8,8
10349,C,Ship,5,4,187,4,medium,F,1,1
10350,F,Ship,4,4,185,3,low,F,2,2
10351,D,Ship,5,2,241,2,medium,F,2,2
10352,F,Ship,2,5,228,3,low,M,8,8
10353,A,Ship,3,2,214,2,medium,F,9,9
10354,B,Ship,3,2,196,6,low,M,6,6
10355,C,Ship,3,1,175,3,low,M,6,6
10356,F,Ship,3,5,171,3,medium,F,7,7
10357,D,Ship,4,2,185,2,medium,M,5,5
10358,F,Ship,2,4,226,3,low,M,9,9
10359,A,Ship,4,1,265,3,low,F,4,4
10360,B,Ship,4,4,205,4,medium,F,2,2
10361,C,Ship,4,3,189,3,medium,F,9,9
10362,F,Ship,3,4,141,3,medium,M,2,2
10363,D,Ship,3,3,217,3,low,F,6,6
10364,F,Ship,4,2,198,3,low,F,4,4
10365,A,Ship,4,4,246,3,medium,F,2,2
10366,B,Ship,3,4,261,4,medium,F,7,7
10367,C,Ship,4,3,160,2,low,M,9,9
10368,F,Ship,5,5,135,3,low,F,4,4
10369,D,Ship,5,2,213,3,low,M,9,9
10370,F,Ship,3,4,189,6,low,F,9,9
10371,A,Ship,4,1,259,3,low,M,9,9
10372,B,Ship,4,5,170,3,low,M,2,2
10373,C,Ship,3,3,257,2,medium,M,5,5
10374,F,Ship,3,5,143,2,low,M,8,8
10375,D,Ship,4,1,258,3,low,F,10,10
10376,F,Ship,4,3,216,2,low,M,4,4
10377,A,Ship,4,3,169,3,low,F,8,8
10378,B,Ship,4,3,165,2,low,M,2,2
10379,C,Ship,4,4,245,3,medium,F,7,7
10380,F,Ship,4,1,171,2,low,F,6,6
10381,D,Ship,2,5,238,4,medium,M,9,9
10382,F,Ship,4,2,265,3,medium,F,1,1
10383,A,Ship,4,3,207,2,medium,M,5,5
10384,B,Ship,3,4,257,3,medium,M,10,10
10385,C,Ship,3,4,252,2,high,M,9,9
10386,F,Road,5,5,272,2,low,F,4,4
10387,D,Road,3,2,180,6,medium,M,3,3
10388,F,Road,5,1,217,2,low,F,9,9
10389,A,Road,3,1,149,3,medium,F,9,9
10390,B,Road,4,5,185,2,low,M,6,6
10391,C,Road,5,2,222,3,medium,M,10,10
10392,F,Road,4,3,180,3,medium,M,4,4
10393,D,Road,4,2,156,3,medium,M,1,1
10394,F,Road,3,5,241,3,medium,M,10,10
10395,A,Road,4,1,170,10,medium,F,3,3
10396,B,Road,3,2,286,6,high,F,1,1
10397,C,Road,3,4,232,5,medium,M,7,7
10398,F,Road,5,2,171,3,low,M,6,6
10399,D,Road,4,4,146,10,low,F,3,3
10400,F,Road,4,2,189,10,medium,F,5,5
10401,A,Road,2,1,235,3,high,M,8,8
10402,B,Road,4,2,187,3,high,F,5,5
10403,C,Road,3,5,166,3,high,F,5,5
10404,F,Road,4,4,264,6,medium,F,6,6
10405,D,Road,5,3,243,6,low,F,1,1
10406,F,Road,5,2,245,5,low,F,9,9
10407,A,Road,5,5,239,6,low,F,1,1
10408,B,Flight,4,3,248,5,low,M,3,3
10409,C,Flight,6,4,268,4,low,M,9,9
10410,F,Flight,6,2,271,4,low,F,2,2
10411,D,Flight,4,3,233,5,low,M,2,2
10412,F,Flight,5,1,245,5,low,F,7,7
10413,A,Flight,5,5,248,5,medium,M,8,8
10414,B,Flight,5,1,234,5,medium,M,2,2
10415,C,Flight,4,5,259,5,medium,M,2,2
10416,F,Flight,5,4,259,6,low,M,1,1
10417,D,Flight,5,2,263,6,low,F,6,6
10418,F,Flight,3,1,158,5,low,M,9,9
10419,A,Flight,5,3,270,5,low,F,1,1
10420,B,Flight,2,1,238,4,medium,F,4,4
10421,C,Flight,4,1,265,3,medium,M,3,3
10422,F,Flight,4,3,207,2,medium,M,4,4
10423,D,Flight,3,2,257,3,medium,M,9,9
10424,F,Flight,3,3,252,2,high,M,1,1
10425,A,Flight,5,5,272,2,low,M,1,1
10426,B,Flight,3,4,180,6,medium,F,3,3
10427,C,Flight,5,4,217,2,low,M,2,2
10428,F,Flight,3,4,149,3,medium,F,3,3
10429,D,Flight,4,5,185,2,low,F,4,4
10430,F,Ship,5,4,222,3,medium,M,8,8
10431,A,Ship,4,2,180,3,medium,M,6,6
10432,B,Ship,4,2,156,3,medium,M,5,5
10433,C,Ship,3,3,241,3,medium,F,10,10
10434,F,Ship,4,2,170,10,medium,F,4,4
10435,D,Ship,3,5,286,6,high,M,8,8
10436,F,Ship,3,3,232,5,medium,M,10,10
10437,A,Ship,5,4,171,3,low,F,1,1
10438,B,Ship,4,4,146,10,low,M,1,1
10439,C,Ship,4,1,189,10,medium,F,2,2
10440,F,Ship,2,5,235,3,high,F,10,10
10441,D,Ship,4,4,187,3,high,M,6,6
10442,F,Ship,3,4,166,3,high,M,6,6
10443,A,Ship,4,3,264,6,medium,F,7,7
10444,B,Ship,5,3,243,6,low,F,10,10
10445,C,Ship,5,2,245,5,low,M,8,8
10446,F,Ship,5,5,239,6,low,M,9,9
10447,D,Ship,4,5,248,5,low,F,6,6
10448,F,Ship,6,5,268,4,low,M,7,7
10449,A,Ship,6,4,271,4,low,F,6,6
10450,B,Ship,4,3,233,5,low,M,5,5
10451,C,Ship,5,1,245,5,low,M,7,7
10452,F,Ship,5,5,248,5,medium,F,1,1
10453,D,Ship,5,5,234,5,medium,M,9,9
10454,F,Ship,4,3,259,5,medium,M,2,2
10455,A,Ship,5,5,259,6,low,M,5,5
10456,B,Ship,5,1,263,6,low,F,3,3
10457,C,Ship,5,4,217,6,medium,M,6,6
10458,F,Ship,4,3,242,6,low,M,5,5
10459,D,Ship,4,4,255,6,low,F,2,2
10460,F,Ship,2,3,277,3,medium,F,1,1
10461,A,Ship,4,2,267,5,low,M,3,3
10462,B,Ship,5,4,260,5,low,M,5,5
10463,C,Ship,4,5,259,5,low,F,9,9
10464,F,Ship,5,5,257,5,medium,F,6,6
10465,D,Ship,5,1,228,5,low,F,2,2
10466,F,Ship,5,1,255,6,low,F,3,3
10467,A,Ship,5,5,262,6,low,M,10,10
10468,B,Ship,5,1,262,5,medium,M,4,4
10469,C,Ship,5,1,241,5,low,M,4,4
10470,F,Ship,4,2,262,6,medium,F,4,4
10471,D,Ship,4,2,263,6,medium,F,4,4
10472,F,Ship,4,3,233,5,low,M,4,4
10473,A,Ship,5,3,221,5,low,F,8,8
10474,B,Ship,5,5,254,5,low,M,7,7
10475,C,Ship,3,4,236,4,medium,M,2,2
10476,F,Ship,5,1,258,5,high,F,9,9
10477,D,Ship,4,2,223,5,medium,F,8,8
10478,F,Ship,5,1,248,5,low,M,3,3
10479,A,Ship,4,1,204,4,low,F,3,3
10480,B,Ship,4,1,276,5,low,F,2,2
10481,C,Ship,5,4,241,5,medium,M,1,1
10482,F,Ship,5,4,263,5,low,M,5,5
10483,D,Ship,5,2,265,5,medium,F,5,5
10484,F,Ship,4,2,253,5,medium,F,3,3
10485,A,Ship,5,1,257,5,high,F,2,2
10486,B,Ship,4,2,259,6,medium,M,8,8
10487,C,Ship,6,4,206,5,medium,F,10,10
10488,F,Ship,5,2,254,5,medium,F,4,4
10489,D,Ship,5,1,143,3,medium,F,3,3
10490,F,Ship,3,2,169,2,low,M,6,6
10491,A,Ship,3,1,194,4,low,F,8,8
10492,B,Ship,4,5,248,3,low,M,7,7
10493,C,Ship,4,1,153,3,medium,M,5,5
10494,F,Ship,3,3,151,3,low,M,9,9
10495,D,Ship,3,4,148,3,medium,M,7,7
10496,F,Ship,4,2,214,6,medium,M,9,9
10497,A,Ship,4,1,251,2,low,F,2,2
10498,B,Ship,2,3,136,3,low,M,10,10
10499,C,Ship,3,4,247,3,medium,M,8,8
10500,F,Ship,3,4,239,2,low,F,10,10
10501,D,Ship,4,1,247,3,low,M,5,5
10502,F,Ship,2,1,184,2,high,F,3,3
10503,A,Ship,3,1,248,3,medium,M,7,7
10504,B,Ship,5,5,244,3,medium,M,7,7
10505,C,Ship,5,2,252,3,low,M,7,7
10506,F,Ship,4,2,136,4,low,F,3,3
10507,D,Ship,4,5,200,4,low,F,1,1
10508,F,Ship,3,1,187,2,low,M,6,6
10509,A,Ship,4,2,222,2,medium,M,10,10
10510,B,Ship,3,4,247,2,low,M,2,2
10511,C,Ship,3,2,195,2,high,M,2,2
10512,F,Ship,4,3,190,2,low,F,7,7
10513,D,Ship,4,5,226,2,low,M,10,10
10514,F,Ship,3,4,205,3,low,F,7,7
10515,A,Ship,4,1,225,3,medium,M,9,9
10516,B,Ship,2,3,275,3,medium,M,10,10
10517,C,Ship,3,4,154,2,high,F,2,2
10518,F,Ship,5,5,141,3,low,M,4,4
10519,D,Ship,3,2,198,2,medium,M,8,8
10520,F,Ship,4,3,263,2,low,M,9,9
10521,A,Ship,4,4,184,3,medium,F,9,9
10522,B,Ship,3,2,221,2,medium,M,9,9
10523,C,Road,3,5,259,3,medium,M,7,7
10524,F,Road,4,4,238,4,high,M,1,1
10525,D,Road,3,5,188,3,high,F,6,6
10526,F,Road,3,2,164,2,medium,F,3,3
10527,A,Road,4,1,204,6,low,M,1,1
10528,B,Road,5,5,237,3,medium,M,5,5
10529,C,Road,6,1,235,6,medium,M,3,3
10530,F,Road,3,2,235,2,medium,F,9,9
10531,D,Road,3,5,263,3,medium,M,4,4
10532,F,Road,5,4,236,4,medium,M,6,6
10533,A,Road,5,2,146,2,low,M,2,2
10534,B,Road,3,2,188,3,medium,M,8,8
10535,C,Road,5,1,152,3,medium,F,3,3
10536,F,Road,4,1,211,3,medium,F,7,7
10537,D,Road,4,3,195,3,low,M,1,1
10538,F,Road,4,4,180,4,medium,F,7,7
10539,A,Road,3,2,213,6,medium,M,9,9
10540,B,Road,4,1,171,3,medium,M,10,10
10541,C,Road,3,5,253,4,medium,F,5,5
10542,F,Road,5,4,228,4,low,F,8,8
10543,D,Road,3,4,158,2,low,M,8,8
10544,F,Road,3,5,158,3,low,M,10,10
10545,A,Flight,4,1,195,2,low,F,3,3
10546,B,Flight,5,1,202,4,low,F,2,2
10547,C,Flight,4,4,209,3,medium,M,7,7
10548,F,Flight,2,5,156,5,medium,M,7,7
10549,D,Flight,3,4,199,3,medium,M,10,10
10550,F,Flight,6,2,205,5,high,M,6,6
10551,A,Flight,6,3,165,4,low,F,10,10
10552,B,Flight,5,3,119,2,low,M,8,8
10553,C,Flight,3,1,185,2,medium,F,9,9
10554,F,Flight,6,3,178,5,low,F,5,5
10555,D,Flight,4,3,248,3,medium,F,5,5
10556,F,Flight,3,5,190,3,medium,M,4,4
10557,A,Flight,4,1,227,3,high,M,8,8
10558,B,Flight,4,2,255,5,low,F,6,6
10559,C,Flight,3,5,214,2,medium,F,4,4
10560,F,Flight,4,5,134,3,medium,M,3,3
10561,D,Flight,3,4,216,3,low,F,3,3
10562,F,Flight,2,4,183,2,low,M,5,5
10563,A,Flight,3,5,190,5,high,F,7,7
10564,B,Flight,4,5,219,2,low,M,4,4
10565,C,Flight,3,2,207,2,medium,F,10,10
10566,F,Flight,5,4,135,4,medium,M,4,4
10567,D,Ship,3,4,254,2,medium,M,2,2
10568,F,Ship,3,5,233,4,low,F,9,9
10569,A,Ship,4,4,233,3,low,F,5,5
10570,B,Ship,4,4,156,2,low,F,5,5
10571,C,Ship,5,1,262,2,medium,M,4,4
10572,F,Ship,3,1,201,3,medium,F,8,8
10573,D,Ship,5,1,208,2,low,F,9,9
10574,F,Ship,3,1,174,3,low,F,9,9
10575,A,Ship,3,2,144,4,medium,M,8,8
10576,B,Ship,4,3,184,3,low,F,5,5
10577,C,Ship,3,5,196,3,low,F,5,5
10578,F,Ship,6,3,251,4,low,M,10,10
10579,D,Ship,4,4,160,3,low,M,1,1
10580,F,Ship,5,2,176,4,low,M,10,10
10581,A,Ship,3,1,235,3,low,F,9,9
10582,B,Ship,4,2,152,4,medium,F,3,3
10583,C,Ship,4,3,184,4,low,M,4,4
10584,F,Ship,3,2,209,2,low,M,5,5
10585,D,Ship,5,5,187,3,medium,F,5,5
10586,F,Ship,4,4,160,5,low,M,6,6
10587,A,Ship,4,2,258,3,low,F,5,5
10588,B,Ship,3,5,166,3,medium,F,9,9
10589,C,Ship,4,1,193,3,low,F,3,3
10590,F,Ship,3,2,167,2,low,M,3,3
10591,D,Ship,4,5,272,2,medium,M,9,9
10592,F,Ship,4,2,222,2,low,M,1,1
10593,A,Ship,5,5,189,3,low,F,10,10
10594,B,Ship,2,5,188,2,medium,F,9,9
10595,C,Ship,3,2,183,2,medium,F,6,6
10596,F,Ship,4,5,183,2,low,F,1,1
10597,D,Ship,3,1,167,3,low,F,4,4
10598,F,Ship,2,2,258,3,medium,F,3,3
10599,A,Ship,4,2,177,3,medium,M,5,5
10600,B,Ship,3,1,226,3,medium,F,8,8
10601,C,Ship,5,1,240,5,medium,F,5,5
10602,F,Ship,3,3,158,3,low,F,6,6
10603,D,Ship,5,2,176,4,low,M,1,1
10604,F,Ship,6,4,230,4,low,M,3,3
10605,A,Ship,4,2,238,3,low,F,3,3
10606,B,Ship,5,2,254,3,low,F,9,9
10607,C,Ship,4,4,209,3,high,F,5,5
10608,F,Ship,4,3,245,4,medium,F,5,5
10609,D,Ship,3,1,133,3,low,F,10,10
10610,F,Ship,4,4,233,2,high,F,1,1
10611,A,Ship,3,1,257,4,low,M,8,8
10612,B,Ship,5,3,262,5,low,M,7,7
10613,C,Ship,5,2,252,3,low,M,6,6
10614,F,Ship,3,3,231,3,low,F,3,3
10615,D,Ship,3,5,228,4,low,F,7,7
10616,F,Ship,3,2,100,4,low,F,10,10
10617,A,Ship,4,2,253,3,medium,F,7,7
10618,B,Ship,3,4,160,3,medium,M,3,3
10619,C,Ship,6,3,153,6,medium,F,7,7
10620,F,Ship,4,1,270,2,low,M,4,4
10621,D,Ship,4,3,156,3,medium,F,8,8
10622,F,Ship,4,1,132,2,medium,M,1,1
10623,A,Ship,5,5,98,2,medium,M,2,2
10624,B,Ship,5,5,161,3,high,F,7,7
10625,C,Ship,4,1,258,3,medium,M,10,10
10626,F,Ship,3,2,228,2,medium,M,2,2
10627,D,Ship,5,4,180,2,low,F,9,9
10628,F,Ship,3,5,136,3,medium,F,7,7
10629,A,Ship,3,3,228,2,low,M,5,5
10630,B,Ship,4,5,274,4,low,M,3,3
10631,C,Ship,3,2,208,2,low,F,6,6
10632,F,Ship,4,2,230,3,high,F,5,5
10633,D,Ship,2,3,273,4,low,M,3,3
10634,F,Ship,5,1,253,2,medium,M,3,3
10635,A,Ship,3,1,241,3,low,F,10,10
10636,B,Ship,4,2,205,2,medium,M,10,10
10637,C,Ship,5,5,132,3,low,F,2,2
10638,F,Ship,5,4,151,3,low,F,10,10
10639,D,Ship,4,3,163,4,medium,M,5,5
10640,F,Ship,3,3,176,8,medium,F,1,1
10641,A,Ship,3,5,169,3,low,M,1,1
10642,B,Ship,3,4,133,4,low,F,10,10
10643,C,Ship,5,3,184,5,low,M,3,3
10644,F,Ship,2,4,258,3,medium,M,3,3
10645,D,Ship,2,2,237,5,low,F,6,6
10646,F,Ship,4,3,260,3,medium,F,4,4
10647,A,Ship,3,2,159,2,medium,M,8,8
10648,B,Ship,3,3,223,10,low,F,7,7
10649,C,Ship,3,3,207,10,low,F,7,7
10650,F,Ship,4,5,261,10,low,M,7,7
10651,D,Ship,4,4,239,3,medium,F,7,7
10652,F,Ship,3,4,222,3,low,M,6,6
10653,A,Ship,3,2,143,4,low,F,3,3
10654,B,Ship,2,2,157,3,medium,F,9,9
10655,C,Ship,5,1,251,4,low,M,1,1
10656,F,Ship,4,4,255,6,low,M,5,5
10657,D,Ship,2,5,277,3,medium,M,6,6
10658,F,Ship,4,5,267,5,low,M,7,7
10659,A,Ship,5,4,260,5,low,F,2,2
10660,B,Road,4,4,259,5,low,F,5,5
10661,C,Road,5,1,257,5,medium,F,8,8
10662,F,Road,5,1,228,5,low,F,4,4
10663,D,Road,5,2,255,6,low,M,6,6
10664,F,Road,5,4,262,6,low,M,3,3
10665,A,Road,5,2,262,5,medium,M,1,1
10666,B,Road,5,1,241,5,low,F,1,1
10667,C,Road,4,5,262,6,medium,M,1,1
10668,F,Road,4,3,263,6,medium,M,8,8
10669,D,Road,4,4,233,5,low,F,10,10
10670,F,Road,5,2,221,5,low,F,2,2
10671,A,Road,5,3,254,5,low,M,10,10
10672,B,Road,3,1,236,4,medium,F,10,10
10673,C,Road,5,2,258,5,high,M,6,6
10674,F,Road,4,2,223,5,medium,M,3,3
10675,D,Road,3,4,208,2,low,F,3,3
10676,F,Road,4,3,230,3,high,F,1,1
10677,A,Road,2,4,273,4,low,F,7,7
10678,B,Road,5,2,253,2,medium,F,9,9
10679,C,Road,3,3,241,3,low,F,6,6
10680,F,Road,4,4,205,2,medium,F,8,8
10681,D,Road,5,3,132,3,low,M,7,7
10682,F,Flight,5,4,151,3,low,F,4,4
10683,A,Flight,4,2,163,4,medium,F,5,5
10684,B,Flight,3,3,176,8,medium,M,10,10
10685,C,Flight,3,5,169,3,low,F,4,4
10686,F,Flight,3,5,133,4,low,M,10,10
10687,D,Flight,5,4,184,5,low,F,5,5
10688,F,Flight,2,4,258,3,medium,M,7,7
10689,A,Flight,2,2,237,5,low,M,8,8
10690,B,Flight,4,1,260,3,medium,M,6,6
10691,C,Flight,3,3,159,2,medium,F,6,6
10692,F,Flight,3,4,223,10,low,F,9,9
10693,D,Flight,3,4,207,10,low,F,6,6
10694,F,Flight,4,3,261,10,low,F,6,6
10695,A,Flight,4,3,239,3,medium,M,7,7
10696,B,Flight,3,5,222,3,low,F,10,10
10697,C,Flight,3,1,143,4,low,M,6,6
10698,F,Flight,2,5,157,3,medium,F,4,4
10699,D,Flight,5,4,251,4,low,M,8,8
10700,F,Flight,4,4,255,6,low,F,9,9
10701,A,Flight,2,5,277,3,medium,F,6,6
10702,B,Flight,4,2,267,5,low,F,2,2
10703,C,Flight,5,5,260,5,low,F,2,2
10704,F,Ship,4,3,259,5,low,M,6,6
10705,D,Ship,5,1,257,5,medium,M,1,1
10706,F,Ship,5,4,228,5,low,M,9,9
10707,A,Ship,5,4,255,6,low,M,4,4
10708,B,Ship,5,2,262,6,low,F,7,7
10709,C,Ship,5,1,262,5,medium,F,9,9
10710,F,Ship,5,1,241,5,low,F,5,5
10711,D,Ship,4,2,262,6,medium,F,2,2
10712,F,Ship,4,3,263,6,medium,M,10,10
10713,A,Ship,4,2,233,5,low,F,8,8
10714,B,Ship,5,5,221,5,low,F,8,8
10715,C,Ship,5,4,254,5,low,M,10,10
10716,F,Ship,5,2,254,5,medium,F,4,4
10717,D,Ship,5,2,224,5,low,F,2,2
10718,F,Ship,4,3,225,5,low,F,10,10
10719,A,Ship,5,2,246,5,low,F,4,4
10720,B,Ship,5,5,221,6,medium,M,6,6
10721,C,Ship,4,3,257,5,medium,F,9,9
10722,F,Ship,5,1,234,5,medium,M,8,8
10723,D,Ship,4,1,216,6,low,M,9,9
10724,F,Ship,5,5,221,5,low,M,7,7
10725,A,Ship,4,2,249,5,low,M,2,2
10726,B,Ship,5,5,240,5,low,M,8,8
10727,C,Ship,5,1,219,5,low,M,8,8
10728,F,Ship,5,4,219,5,low,M,10,10
10729,D,Ship,3,2,278,4,medium,M,7,7
10730,F,Ship,5,4,232,5,medium,M,5,5
10731,A,Ship,4,1,253,5,low,F,1,1
10732,B,Ship,4,3,253,5,low,F,10,10
10733,C,Ship,4,1,261,5,low,F,6,6
10734,F,Ship,5,1,251,6,low,F,5,5
10735,D,Ship,5,5,275,5,low,M,4,4
10736,F,Ship,4,4,229,6,medium,F,8,8
10737,A,Ship,5,3,257,5,medium,F,10,10
10738,B,Ship,5,3,229,5,low,F,1,1
10739,C,Ship,4,1,255,5,medium,F,1,1
10740,F,Ship,5,3,242,5,low,F,9,9
10741,D,Ship,4,3,192,4,low,F,3,3
10742,F,Ship,5,3,218,5,medium,F,4,4
10743,A,Ship,5,3,219,6,low,F,9,9
10744,B,Ship,5,1,261,5,medium,M,3,3
10745,C,Ship,5,4,236,5,medium,F,7,7
10746,F,Ship,5,1,257,6,low,M,2,2
10747,D,Ship,4,4,252,5,medium,M,1,1
10748,F,Ship,4,2,232,5,medium,F,3,3
10749,A,Ship,5,4,229,5,low,M,9,9
10750,B,Ship,3,1,202,3,medium,M,5,5
10751,C,Ship,4,5,228,5,medium,F,4,4
10752,F,Ship,5,5,244,6,low,F,1,1
10753,D,Ship,5,1,260,5,low,M,4,4
10754,F,Ship,4,5,245,5,low,M,8,8
10755,A,Ship,5,5,227,5,medium,M,5,5
10756,B,Ship,4,1,300,5,medium,M,6,6
10757,C,Ship,2,4,160,5,low,F,3,3
10758,F,Ship,5,4,274,5,low,M,6,6
10759,D,Ship,4,4,260,5,low,F,5,5
10760,F,Ship,4,3,253,5,low,M,6,6
10761,A,Ship,4,5,218,5,low,M,8,8
10762,B,Ship,5,1,220,5,low,F,4,4
10763,C,Ship,5,2,253,5,medium,M,6,6
10764,F,Ship,5,1,259,5,low,F,7,7
10765,D,Ship,5,1,235,5,low,M,4,4
10766,F,Ship,5,1,274,5,low,F,2,2
10767,A,Ship,5,2,264,5,medium,M,4,4
10768,B,Ship,4,2,258,5,medium,F,1,1
10769,C,Ship,4,1,237,5,medium,M,5,5
10770,F,Ship,4,1,273,6,medium,M,1,1
10771,D,Ship,4,1,249,6,medium,M,7,7
10772,F,Ship,4,1,250,6,medium,F,7,7
10773,A,Ship,4,4,229,5,medium,F,7,7
10774,B,Ship,5,4,223,5,low,F,2,2
10775,C,Ship,4,1,272,5,medium,F,1,1
10776,F,Ship,5,3,230,5,low,M,7,7
10777,D,Ship,5,2,226,6,low,F,5,5
10778,F,Ship,5,5,263,5,medium,F,1,1
10779,A,Ship,4,5,243,5,low,M,7,7
10780,B,Ship,5,2,269,5,medium,F,9,9
10781,C,Ship,4,4,234,5,low,M,7,7
10782,F,Ship,4,2,267,5,medium,F,2,2
10783,D,Ship,2,1,240,2,low,M,8,8
10784,F,Ship,5,1,247,5,medium,F,8,8
10785,A,Ship,5,3,137,4,low,F,2,2
10786,B,Ship,5,1,248,5,medium,F,5,5
10787,C,Ship,5,5,222,6,low,F,3,3
10788,F,Ship,4,2,169,3,medium,F,7,7
10789,D,Ship,4,3,241,5,low,M,6,6
10790,F,Ship,6,3,136,3,low,F,10,10
10791,A,Ship,4,4,224,5,medium,F,5,5
10792,B,Ship,4,2,259,5,medium,M,7,7
10793,C,Ship,6,1,260,3,low,F,4,4
10794,F,Ship,4,2,217,5,medium,M,10,10
10795,D,Ship,5,5,224,5,low,F,7,7
10796,F,Ship,4,3,232,5,medium,F,8,8
10797,A,Road,3,5,156,4,low,F,6,6
10798,B,Road,4,2,251,6,low,F,3,3
10799,C,Road,4,2,253,5,medium,F,9,9
10800,F,Road,4,3,245,6,medium,M,2,2
10801,D,Road,5,5,253,6,low,F,1,1
10802,F,Road,5,3,234,5,low,M,7,7
10803,A,Road,4,5,229,5,low,F,3,3
10804,B,Road,5,2,250,5,low,F,9,9
10805,C,Road,4,3,268,5,medium,M,7,7
10806,F,Road,5,5,269,5,medium,F,3,3
10807,D,Road,5,3,242,5,low,M,3,3
10808,F,Road,5,5,223,6,medium,F,10,10
10809,A,Road,2,4,155,5,low,M,9,9
10810,B,Road,4,2,220,6,medium,M,10,10
10811,C,Road,4,3,256,3,medium,M,3,3
10812,F,Road,5,1,162,3,low,F,4,4
10813,D,Road,3,3,139,3,low,F,7,7
10814,F,Road,4,3,207,3,medium,F,5,5
10815,A,Road,5,1,174,5,medium,F,6,6
10816,B,Road,3,2,216,2,low,F,1,1
10817,C,Road,3,3,176,3,medium,M,9,9
10818,F,Road,4,3,223,2,low,F,3,3
10819,D,Flight,4,1,135,4,low,F,5,5
10820,F,Flight,4,4,249,3,medium,F,4,4
10821,A,Flight,4,1,157,5,low,M,10,10
10822,B,Flight,3,1,102,3,medium,M,9,9
10823,C,Flight,3,3,197,3,medium,M,8,8
10824,F,Flight,5,5,203,2,low,M,10,10
10825,D,Flight,5,1,244,2,medium,M,6,6
10826,F,Flight,4,4,258,3,medium,M,8,8
10827,A,Flight,4,5,167,2,low,F,10,10
10828,B,Flight,6,5,225,3,medium,M,10,10
10829,C,Flight,3,3,192,3,high,F,4,4
10830,F,Flight,4,4,199,4,high,M,1,1
10831,D,Flight,5,5,142,4,low,M,5,5
10832,F,Flight,5,4,145,2,low,M,2,2
10833,A,Flight,3,1,148,4,low,M,9,9
10834,B,Flight,6,5,258,5,low,F,1,1
10835,C,Flight,2,4,114,5,high,M,3,3
10836,F,Flight,5,4,143,2,low,F,8,8
10837,D,Flight,6,4,186,2,low,M,5,5
10838,F,Flight,3,4,212,2,low,M,7,7
10839,A,Flight,4,2,145,3,medium,M,1,1
10840,B,Flight,4,3,148,3,medium,M,8,8
10841,C,Ship,3,1,139,2,medium,M,2,2
10842,F,Ship,3,5,169,2,medium,F,4,4
10843,D,Ship,5,5,251,2,medium,F,5,5
10844,F,Ship,4,1,154,2,low,M,1,1
10845,A,Ship,5,2,150,3,medium,F,7,7
10846,B,Ship,4,5,272,4,medium,F,9,9
10847,C,Ship,4,4,197,2,low,F,7,7
10848,F,Ship,4,1,169,2,low,M,2,2
10849,D,Ship,3,2,201,4,medium,M,10,10
10850,F,Ship,3,4,168,3,medium,F,3,3
10851,A,Ship,4,1,202,3,low,M,7,7
10852,B,Ship,5,1,241,4,medium,M,7,7
10853,C,Ship,5,5,152,4,low,F,10,10
10854,F,Ship,5,3,139,2,medium,F,3,3
10855,D,Ship,5,5,204,5,medium,F,10,10
10856,F,Ship,3,3,198,2,low,M,7,7
10857,A,Ship,6,5,206,2,low,F,6,6
10858,B,Ship,3,4,231,6,medium,F,3,3
10859,C,Ship,3,1,166,3,medium,M,4,4
10860,F,Ship,3,1,125,3,medium,M,9,9
10861,D,Ship,5,3,237,3,high,M,7,7
10862,F,Ship,4,1,145,3,medium,F,7,7
10863,A,Ship,6,4,242,3,medium,M,9,9
10864,B,Ship,4,2,261,3,low,M,4,4
10865,C,Ship,5,3,148,3,low,M,7,7
10866,F,Ship,3,3,148,4,low,F,2,2
10867,D,Ship,4,3,185,2,low,M,3,3
10868,F,Ship,4,3,195,3,low,M,7,7
10869,A,Ship,4,4,219,3,medium,M,10,10
10870,B,Ship,4,2,146,3,medium,M,7,7
10871,C,Ship,4,3,125,4,medium,M,7,7
10872,F,Ship,3,5,205,4,low,F,9,9
10873,D,Ship,3,4,177,2,medium,M,3,3
10874,F,Ship,5,1,190,2,low,M,9,9
10875,A,Ship,3,3,137,4,low,M,6,6
10876,B,Ship,3,2,255,3,medium,F,8,8
10877,C,Ship,3,3,141,2,low,M,2,2
10878,F,Ship,4,4,151,2,low,M,8,8
10879,D,Ship,3,5,272,2,medium,M,6,6
10880,F,Ship,5,3,265,2,low,F,4,4
10881,A,Ship,3,4,148,3,low,M,1,1
10882,B,Ship,3,2,123,4,low,F,10,10
10883,C,Ship,5,2,244,2,medium,F,4,4
10884,F,Ship,3,4,181,4,medium,F,3,3
10885,D,Ship,4,4,221,3,medium,M,5,5
10886,F,Ship,4,4,177,5,medium,M,7,7
10887,A,Ship,4,2,226,2,low,F,2,2
10888,B,Ship,4,1,275,3,medium,F,7,7
10889,C,Ship,4,4,192,2,low,M,1,1
10890,F,Ship,5,5,243,2,medium,F,5,5
10891,D,Ship,4,3,188,4,medium,M,7,7
10892,F,Ship,3,3,149,2,medium,F,2,2
10893,A,Ship,4,5,167,2,low,F,7,7
10894,B,Ship,4,2,211,3,low,M,4,4
10895,C,Ship,3,2,248,3,medium,M,8,8
10896,F,Ship,6,3,244,3,medium,M,4,4
10897,D,Ship,4,1,133,4,low,F,10,10
10898,F,Ship,4,3,242,2,low,M,9,9
10899,A,Ship,4,1,222,2,high,M,3,3
10900,B,Ship,2,1,229,3,medium,M,9,9
10901,C,Ship,5,5,196,4,medium,M,8,8
10902,F,Ship,4,4,201,2,medium,M,7,7
10903,D,Ship,5,3,210,3,medium,M,9,9
10904,F,Ship,3,5,241,4,low,F,9,9
10905,A,Ship,4,2,218,2,low,M,4,4
10906,B,Ship,2,2,210,3,medium,F,10,10
10907,C,Ship,4,1,261,3,low,F,3,3
10908,F,Ship,2,1,125,4,low,M,1,1
10909,D,Ship,4,1,192,4,high,M,10,10
10910,F,Ship,4,2,229,4,low,M,8,8
10911,A,Ship,5,5,264,8,high,F,10,10
10912,B,Ship,4,5,227,10,low,M,7,7
10913,C,Ship,4,2,258,3,medium,F,9,9
10914,F,Ship,3,2,164,4,medium,F,10,10
10915,D,Ship,4,1,261,4,medium,F,6,6
10916,F,Ship,4,4,220,10,medium,F,7,7
10917,A,Ship,5,1,224,5,low,M,1,1
10918,B,Ship,4,1,225,5,low,M,3,3
10919,C,Ship,5,3,246,5,low,M,2,2
10920,F,Ship,5,1,221,6,medium,F,7,7
10921,D,Ship,4,4,257,5,medium,F,9,9
10922,F,Ship,5,1,234,5,medium,F,9,9
10923,A,Ship,4,4,216,6,low,M,10,10
10924,B,Ship,5,5,221,5,low,F,3,3
10925,C,Ship,4,2,249,5,low,M,1,1
10926,F,Ship,5,1,240,5,low,M,10,10
10927,D,Ship,5,3,219,5,low,F,6,6
10928,F,Ship,5,3,219,5,low,M,7,7
10929,A,Ship,3,5,278,4,medium,F,8,8
10930,B,Ship,5,4,232,5,medium,M,5,5
10931,C,Ship,4,4,253,5,low,F,2,2
10932,F,Ship,4,3,253,5,low,M,6,6
10933,D,Ship,4,2,261,5,low,F,8,8
10934,F,Road,5,1,251,6,low,F,3,3
10935,A,Road,5,4,275,5,low,M,4,4
10936,B,Road,4,2,229,6,medium,F,5,5
10937,C,Road,5,3,257,5,medium,M,8,8
10938,F,Road,5,3,229,5,low,F,10,10
10939,D,Road,4,2,255,5,medium,M,2,2
10940,F,Road,5,4,242,5,low,F,10,10
10941,A,Road,4,1,192,4,low,M,3,3
10942,B,Road,5,1,218,5,medium,M,8,8
10943,C,Road,5,1,219,6,low,F,2,2
10944,F,Road,5,3,261,5,medium,M,10,10
10945,D,Road,5,4,236,5,medium,F,4,4
10946,F,Road,5,2,257,6,low,M,3,3
10947,A,Road,4,2,252,5,medium,M,7,7
10948,B,Road,4,1,232,5,medium,M,9,9
10949,C,Road,5,4,229,5,low,F,3,3
10950,F,Road,3,4,202,3,medium,M,7,7
10951,D,Road,4,3,228,5,medium,M,8,8
10952,F,Road,5,2,244,6,low,M,1,1
10953,A,Road,5,1,260,5,low,F,3,3
10954,B,Road,4,1,245,5,low,M,3,3
10955,C,Road,4,1,261,3,low,F,8,8
10956,F,Flight,2,5,125,4,low,M,5,5
10957,D,Flight,4,3,192,4,high,M,7,7
10958,F,Flight,4,3,229,4,low,F,7,7
10959,A,Flight,5,2,264,8,high,M,2,2
10960,B,Flight,4,2,227,10,low,F,10,10
10961,C,Flight,4,4,258,3,medium,M,4,4
10962,F,Flight,3,2,164,4,medium,M,6,6
10963,D,Flight,4,1,261,4,medium,F,7,7
10964,F,Flight,4,5,220,10,medium,M,8,8
10965,A,Flight,5,3,224,5,low,M,5,5
10966,B,Flight,4,3,225,5,low,M,1,1
10967,C,Flight,5,5,246,5,low,F,6,6
10968,F,Flight,5,4,221,6,medium,M,5,5
10969,D,Flight,4,4,257,5,medium,F,4,4
10970,F,Flight,5,2,234,5,medium,M,7,7
10971,A,Flight,4,4,216,6,low,M,5,5
10972,B,Flight,5,5,221,5,low,M,8,8
10973,C,Flight,4,1,249,5,low,F,10,10
10974,F,Flight,5,2,240,5,low,F,7,7
10975,D,Flight,5,2,219,5,low,F,9,9
10976,F,Flight,5,2,219,5,low,M,10,10
10977,A,Flight,3,2,278,4,medium,M,9,9
10978,B,Ship,5,4,232,5,medium,F,4,4
10979,C,Ship,4,1,253,5,low,F,2,2
10980,F,Ship,4,2,253,5,low,F,3,3
10981,D,Ship,4,4,261,5,low,F,4,4
10982,F,Ship,5,2,251,6,low,M,10,10
10983,A,Ship,5,1,275,5,low,M,7,7
10984,B,Ship,4,3,229,6,medium,M,1,1
10985,C,Ship,5,1,257,5,medium,M,1,1
10986,F,Ship,5,1,229,5,low,F,10,10
10987,D,Ship,4,5,255,5,medium,M,5,5
10988,F,Ship,5,3,242,5,low,F,10,10
10989,A,Ship,4,3,192,4,low,F,2,2
10990,B,Ship,5,1,218,5,medium,F,9,9
10991,C,Ship,5,4,219,6,low,M,3,3
10992,F,Ship,5,2,261,5,medium,M,9,9
10993,D,Ship,5,1,236,5,medium,M,3,3
10994,F,Ship,5,1,257,6,low,F,1,1
10995,A,Ship,4,1,252,5,medium,F,1,1
10996,B,Ship,4,1,232,5,medium,F,6,6
10997,C,Ship,5,4,242,5,low,F,4,4
10998,F,Ship,5,2,223,6,medium,M,2,2
10999,D,Ship,2,5,155,5,low,F,6,6
